Date,25yr,15yr
09/15/2014,3.266,3.000
09/12/2014,3.278,3.017
09/11/2014,3.182,2.920
09/10/2014,3.196,2.927
09/09/2014,3.159,2.893
09/08/2014,3.152,2.877
09/05/2014,3.165,2.877
09/04/2014,3.134,2.857
09/03/2014,3.087,2.810
09/02/2014,3.104,2.826
09/01/2014,3.014,2.736
08/29/2014,3.014,2.736
08/28/2014,3.002,2.722
08/27/2014,3.042,2.755
08/26/2014,3.085,2.794
08/25/2014,3.068,2.781
08/22/2014,3.088,2.801
08/21/2014,3.121,2.822
08/20/2014,3.148,2.847
08/19/2014,3.148,2.839
08/18/2014,3.125,2.816
08/15/2014,3.065,2.760
08/14/2014,3.125,2.820
08/13/2014,3.174,2.856
08/12/2014,3.201,2.889
08/11/2014,3.168,2.860
08/08/2014,3.160,2.855
08/07/2014,3.169,2.867
08/06/2014,3.208,2.911
08/05/2014,3.206,2.921
08/04/2014,3.221,2.937
08/01/2014,3.222,2.944
07/31/2014,3.238,2.980
07/30/2014,3.236,2.968
07/29/2014,3.150,2.878
07/28/2014,3.188,2.918
07/25/2014,3.169,2.893
07/24/2014,3.224,2.944
07/23/2014,3.181,2.899
07/22/2014,3.176,2.896
07/21/2014,3.187,2.904
07/18/2014,3.214,2.925
07/17/2014,3.210,2.921
07/16/2014,3.269,2.982
07/15/2014,3.286,2.998
07/14/2014,3.289,2.999
07/11/2014,3.262,2.966
07/10/2014,3.283,2.985
07/09/2014,3.279,2.989
07/08/2014,3.298,3.012
07/07/2014,3.356,3.072
07/04/2014,3.399,3.113
07/03/2014,3.399,3.113
07/02/2014,3.386,3.097
07/01/2014,3.317,3.024
06/30/2014,3.259,2.970
06/27/2014,3.283,2.983
06/26/2014,3.264,2.968
06/25/2014,3.299,3.009
06/24/2014,3.324,3.038
06/23/2014,3.363,3.076
06/20/2014,3.364,3.079
06/19/2014,3.375,3.085
06/18/2014,3.335,3.054
06/17/2014,3.361,3.088
06/16/2014,3.313,3.034
06/13/2014,3.325,3.043
06/12/2014,3.323,3.036
06/11/2014,3.380,3.096
06/10/2014,3.379,3.093
06/09/2014,3.361,3.071
06/06/2014,3.349,3.060
06/05/2014,3.345,3.058
06/04/2014,3.357,3.073
06/03/2014,3.346,3.060
06/02/2014,3.289,2.997
05/30/2014,3.228,2.923
05/29/2014,3.220,2.910
05/28/2014,3.202,2.896
05/27/2014,3.277,2.980
05/26/2014,3.308,3.004
05/23/2014,3.308,3.004
05/22/2014,3.339,3.033
05/21/2014,3.326,3.018
05/20/2014,3.285,2.980
05/19/2014,3.294,2.997
05/16/2014,3.254,2.960
05/15/2014,3.245,2.950
05/14/2014,3.281,2.986
05/13/2014,3.356,3.064
05/12/2014,3.395,3.098
05/09/2014,3.370,3.067
05/08/2014,3.336,3.037
05/07/2014,3.327,3.049
05/06/2014,3.304,3.039
05/05/2014,3.332,3.064
05/02/2014,3.289,3.030
05/01/2014,3.329,3.063
04/30/2014,3.380,3.114
04/29/2014,3.413,3.149
04/28/2014,3.383,3.123
04/25/2014,3.359,3.105
04/24/2014,3.384,3.131
04/23/2014,3.389,3.135
04/22/2014,3.421,3.169
04/21/2014,3.443,3.185
04/18/2014,3.431,3.174
04/17/2014,3.429,3.171
04/16/2014,3.373,3.106
04/15/2014,3.379,3.110
04/14/2014,3.401,3.131
04/11/2014,3.391,3.113
04/10/2014,3.417,3.132
04/09/2014,3.480,3.199
04/08/2014,3.459,3.182
04/07/2014,3.475,3.195
04/04/2014,3.504,3.225
04/03/2014,3.542,3.273
04/02/2014,3.566,3.290
04/01/2014,3.523,3.245
03/31/2014,3.482,3.202
03/28/2014,3.463,3.178
03/27/2014,3.429,3.129
03/26/2014,3.468,3.172
03/25/2014,3.495,3.204
03/24/2014,3.488,3.201
03/21/2014,3.521,3.230
03/20/2014,3.571,3.273
03/19/2014,3.582,3.280
03/18/2014,3.536,3.214
03/17/2014,3.539,3.223
03/14/2014,3.500,3.177
03/13/2014,3.514,3.187
03/12/2014,3.578,3.264
03/11/2014,3.617,3.308
03/10/2014,3.639,3.329
03/07/2014,3.633,3.330
03/06/2014,3.598,3.288
03/05/2014,3.556,3.243
03/04/2014,3.549,3.241
03/03/2014,3.471,3.158
02/28/2014,3.504,3.194
02/27/2014,3.505,3.188
02/26/2014,3.543,3.222
02/25/2014,3.569,3.252
02/24/2014,3.619,3.307
02/21/2014,3.603,3.287
02/20/2014,3.631,3.313
02/19/2014,3.613,3.298
02/18/2014,3.587,3.272
02/17/2014,3.604,3.296
02/14/2014,3.604,3.296
02/13/2014,3.598,3.288
02/12/2014,3.638,3.338
02/11/2014,3.597,3.294
02/10/2014,3.580,3.267
02/07/2014,3.581,3.264
02/06/2014,3.590,3.280
02/05/2014,3.567,3.252
02/04/2014,3.511,3.201
02/03/2014,3.460,3.153
01/31/2014,3.536,3.232
01/30/2014,3.550,3.254
01/29/2014,3.536,3.238
01/28/2014,3.584,3.295
01/27/2014,3.589,3.311
01/24/2014,3.561,3.275
01/23/2014,3.592,3.311
01/22/2014,3.670,3.391
01/21/2014,3.647,3.367
01/20/2014,3.661,3.371
01/17/2014,3.661,3.371
01/16/2014,3.678,3.384
01/15/2014,3.709,3.424
01/14/2014,3.701,3.414
01/13/2014,3.670,3.381
01/10/2014,3.698,3.406
01/09/2014,3.780,3.498
01/08/2014,3.810,3.538
01/07/2014,3.787,3.498
01/06/2014,3.802,3.518
01/03/2014,3.836,3.550
01/02/2014,3.825,3.542
01/01/2014,3.845,3.566
12/31/2013,3.845,3.566
12/30/2013,3.811,3.529
12/27/2013,3.846,3.564
12/26/2013,3.826,3.546
12/25/2013,3.804,3.533
12/24/2013,3.804,3.533
12/23/2013,3.746,3.477
12/20/2013,3.725,3.429
12/19/2013,3.799,3.493
12/18/2013,3.813,3.492
12/17/2013,3.768,3.450
12/16/2013,3.790,3.481
12/13/2013,3.771,3.461
12/12/2013,3.796,3.486
12/11/2013,3.778,3.467
12/10/2013,3.729,3.417
12/09/2013,3.786,3.478
12/06/2013,3.808,3.500
12/05/2013,3.808,3.497
12/04/2013,3.799,3.485
12/03/2013,3.731,3.416
12/02/2013,3.752,3.440
11/29/2013,3.703,3.376
11/28/2013,3.704,3.370
11/27/2013,3.704,3.370
11/26/2013,3.684,3.338
11/25/2013,3.731,3.386
11/22/2013,3.733,3.389
11/21/2013,3.778,3.431
11/20/2013,3.798,3.443
11/19/2013,3.701,3.346
11/18/2013,3.665,3.309
11/15/2013,3.698,3.337
11/14/2013,3.699,3.335
11/13/2013,3.729,3.374
11/12/2013,3.755,3.403
11/11/2013,3.740,3.381
11/08/2013,3.740,3.381
11/07/2013,3.630,3.253
11/06/2013,3.671,3.290
11/05/2013,3.659,3.299
11/04/2013,3.592,3.230
11/01/2013,3.597,3.244
10/31/2013,3.537,3.174
10/30/2013,3.540,3.164
10/29/2013,3.530,3.145
10/28/2013,3.516,3.147
10/25/2013,3.503,3.134
10/24/2013,3.523,3.149
10/23/2013,3.494,3.123
10/22/2013,3.520,3.153
10/21/2013,3.590,3.235
10/18/2013,3.564,3.206
10/17/2013,3.566,3.204
10/16/2013,3.633,3.280
10/15/2013,3.684,3.332
10/14/2013,3.641,3.288
10/11/2013,3.641,3.288
10/10/2013,3.650,3.294
10/09/2013,3.632,3.265
10/08/2013,3.606,3.244
10/07/2013,3.613,3.247
10/04/2013,3.639,3.267
10/03/2013,3.618,3.237
10/02/2013,3.621,3.245
10/01/2013,3.633,3.262
09/30/2013,3.604,3.240
09/27/2013,3.593,3.230
09/26/2013,3.604,3.249
09/25/2013,3.564,3.217
09/24/2013,3.586,3.252
09/23/2013,3.657,3.322
09/20/2013,3.671,3.336
09/19/2013,3.716,3.365
09/18/2013,3.666,3.310
09/17/2013,3.756,3.424
09/16/2013,3.790,3.454
09/13/2013,3.766,3.452
09/12/2013,3.765,3.460
09/11/2013,3.780,3.479
09/10/2013,3.808,3.514
09/09/2013,3.756,3.460
09/06/2013,3.790,3.495
09/05/2013,3.798,3.519
09/04/2013,3.716,3.443
09/03/2013,3.698,3.416
09/02/2013,3.594,3.308
08/30/2013,3.594,3.308
08/29/2013,3.622,3.317
08/28/2013,3.671,3.361
08/27/2013,3.618,3.310
08/26/2013,3.702,3.393
08/23/2013,3.716,3.401
08/22/2013,3.801,3.483
08/21/2013,3.798,3.471
08/20/2013,3.765,3.436
08/19/2013,3.817,3.500
08/16/2013,3.773,3.454
08/15/2013,3.712,3.384
08/14/2013,3.669,3.345
08/13/2013,3.672,3.349
08/12/2013,3.580,3.250
08/09/2013,3.552,3.226
08/08/2013,3.556,3.234
08/07/2013,3.570,3.257
08/06/2013,3.620,3.308
08/05/2013,3.620,3.305
08/02/2013,3.579,3.267
08/01/2013,3.660,3.370
07/31/2013,3.533,3.236
07/30/2013,3.559,3.248
07/29/2013,3.548,3.233
07/26/2013,3.509,3.194
07/25/2013,3.555,3.238
07/24/2013,3.541,3.231
07/23/2013,3.483,3.168
07/22/2013,3.448,3.140
07/19/2013,3.460,3.136
07/18/2013,3.528,3.195
07/17/2013,3.466,3.146
07/16/2013,3.481,3.170
07/15/2013,3.504,3.192
07/12/2013,3.539,3.233
07/11/2013,3.520,3.212
07/10/2013,3.585,3.300
07/09/2013,3.548,3.257
07/08/2013,3.534,3.252
07/05/2013,3.574,3.306
07/04/2013,3.398,3.122
07/03/2013,3.397,3.121
07/02/2013,3.366,3.090
07/01/2013,3.385,3.101
06/28/2013,3.395,3.097
06/27/2013,3.434,3.106
06/26/2013,3.469,3.149
06/25/2013,3.512,3.200
06/24/2013,3.455,3.155
06/21/2013,3.463,3.142
06/20/2013,3.413,3.075
06/19/2013,3.309,2.959
06/18/2013,3.234,2.862
06/17/2013,3.243,2.865
06/14/2013,3.190,2.810
06/13/2013,3.225,2.847
06/12/2013,3.279,2.906
06/11/2013,3.234,2.870
06/10/2013,3.267,2.893
06/07/2013,3.220,2.842
06/06/2013,3.131,2.754
06/05/2013,3.155,2.783
06/04/2013,3.196,2.819
06/03/2013,3.162,2.780
05/31/2013,3.191,2.818
05/30/2013,3.175,2.789
05/29/2013,3.159,2.778
05/28/2013,3.173,2.801
05/27/2013,3.062,2.672
05/24/2013,3.062,2.672
05/23/2013,3.083,2.692
05/22/2013,3.093,2.702
05/21/2013,3.035,2.626
05/20/2013,3.060,2.648
05/17/2013,3.050,2.632
05/16/2013,2.973,2.541
05/15/2013,3.041,2.616
05/14/2013,3.048,2.623
05/13/2013,3.013,2.586
05/10/2013,2.989,2.563
05/09/2013,2.905,2.472
05/08/2013,2.883,2.457
05/07/2013,2.909,2.486
05/06/2013,2.892,2.470
05/03/2013,2.865,2.434
05/02/2013,2.737,2.304
05/01/2013,2.749,2.308
04/30/2013,2.793,2.354
04/29/2013,2.780,2.340
04/26/2013,2.760,2.320
04/25/2013,2.810,2.375
04/24/2013,2.791,2.359
04/23/2013,2.795,2.362
04/22/2013,2.787,2.358
04/19/2013,2.789,2.361
04/18/2013,2.774,2.341
04/17/2013,2.796,2.366
04/16/2013,2.813,2.387
04/15/2013,2.790,2.364
04/12/2013,2.827,2.391
04/11/2013,2.903,2.466
04/10/2013,2.913,2.484
04/09/2013,2.841,2.420
04/08/2013,2.815,2.399
04/05/2013,2.775,2.358
04/04/2013,2.890,2.456
04/03/2013,2.961,2.522
04/02/2013,3.006,2.567
04/01/2013,2.990,2.543
03/29/2013,3.018,2.566
03/28/2013,3.017,2.564
03/27/2013,2.997,2.558
03/26/2013,3.028,2.607
03/25/2013,3.041,2.620
03/22/2013,3.032,2.611
03/21/2013,3.050,2.626
03/20/2013,3.071,2.639
03/19/2013,3.029,2.607
03/18/2013,3.082,2.662
03/15/2013,3.122,2.713
03/14/2013,3.143,2.744
03/13/2013,3.113,2.727
03/12/2013,3.111,2.725
03/11/2013,3.148,2.762
03/08/2013,3.148,2.757
03/07/2013,3.094,2.698
03/06/2013,3.047,2.647
03/05/2013,3.001,2.597
03/04/2013,2.984,2.577
03/01/2013,2.960,2.552
02/28/2013,2.987,2.584
02/27/2013,2.996,2.591
02/26/2013,2.965,2.560
02/25/2013,2.981,2.583
02/22/2013,3.043,2.657
02/21/2013,3.053,2.663
02/20/2013,3.092,2.708
02/19/2013,3.090,2.709
02/18/2013,3.064,2.685
02/15/2013,3.064,2.685
02/14/2013,3.049,2.681
02/13/2013,3.095,2.731
02/12/2013,3.067,2.693
02/11/2013,3.027,2.653
02/08/2013,3.045,2.667
02/07/2013,3.036,2.659
02/06/2013,3.054,2.673
02/05/2013,3.088,2.718
02/04/2013,3.047,2.672
02/01/2013,3.076,2.711
01/31/2013,3.035,2.668
01/30/2013,3.062,2.694
01/29/2013,3.033,2.669
01/28/2013,3.015,2.655
01/25/2013,3.002,2.629
01/24/2013,2.910,2.522
01/23/2013,2.900,2.513
01/22/2013,2.894,2.513
01/21/2013,2.905,2.523
01/18/2013,2.905,2.523
01/17/2013,2.939,2.557
01/16/2013,2.891,2.505
01/15/2013,2.889,2.509
01/14/2013,2.914,2.537
01/11/2013,2.925,2.549
01/10/2013,2.950,2.575
01/09/2013,2.923,2.536
01/08/2013,2.940,2.553
01/07/2013,2.964,2.582
01/04/2013,2.977,2.593
01/03/2013,2.973,2.579
01/02/2013,2.912,2.523
01/01/2013,2.798,2.413
12/31/2012,2.799,2.414
12/28/2012,2.752,2.362
12/27/2012,2.755,2.364
12/26/2012,2.802,2.412
12/25/2012,2.804,2.423
12/24/2012,2.804,2.423
12/21/2012,2.790,2.405
12/20/2012,2.850,2.462
12/19/2012,2.849,2.460
12/18/2012,2.881,2.495
12/17/2012,2.799,2.417
12/14/2012,2.742,2.356
12/13/2012,2.771,2.385
12/12/2012,2.768,2.372
12/11/2012,2.710,2.314
12/10/2012,2.677,2.274
12/07/2012,2.687,2.283
12/06/2012,2.643,2.227
12/05/2012,2.654,2.240
12/04/2012,2.657,2.247
12/03/2012,2.684,2.269
11/30/2012,2.674,2.249
11/29/2012,2.678,2.255
11/28/2012,2.660,2.247
11/27/2012,2.670,2.272
11/26/2012,2.678,2.287
11/23/2012,2.711,2.321
11/22/2012,2.707,2.316
11/21/2012,2.707,2.316
11/20/2012,2.687,2.291
11/19/2012,2.644,2.237
11/16/2012,2.604,2.193
11/15/2012,2.606,2.198
11/14/2012,2.608,2.198
11/13/2012,2.603,2.196
11/12/2012,2.632,2.222
11/09/2012,2.632,2.222
11/08/2012,2.652,2.244
11/07/2012,2.704,2.294
11/06/2012,2.799,2.407
11/05/2012,2.752,2.352
11/02/2012,2.799,2.401
11/01/2012,2.778,2.388
10/31/2012,2.731,2.345
10/30/2012,2.765,2.376
10/29/2012,2.765,2.376
10/26/2012,2.800,2.418
10/25/2012,2.861,2.490
10/24/2012,2.809,2.443
10/23/2012,2.791,2.427
10/22/2012,2.824,2.466
10/19/2012,2.818,2.440
10/18/2012,2.888,2.505
10/17/2012,2.867,2.488
10/16/2012,2.797,2.400
10/15/2012,2.727,2.328
10/12/2012,2.715,2.319
10/11/2012,2.735,2.338
10/10/2012,2.772,2.370
10/09/2012,2.812,2.411
10/08/2012,2.843,2.435
10/05/2012,2.845,2.438
10/04/2012,2.766,2.360
10/03/2012,2.709,2.311
10/02/2012,2.689,2.296
10/01/2012,2.705,2.310
09/28/2012,2.716,2.325
09/27/2012,2.711,2.318
09/26/2012,2.679,2.297
09/25/2012,2.751,2.380
09/24/2012,2.791,2.422
09/21/2012,2.837,2.463
09/20/2012,2.836,2.472
09/19/2012,2.856,2.484
09/18/2012,2.893,2.511
09/17/2012,2.910,2.535
09/14/2012,2.964,2.574
09/13/2012,2.841,2.441
09/12/2012,2.806,2.420
09/11/2012,2.727,2.347
09/10/2012,2.725,2.342
09/07/2012,2.711,2.322
09/06/2012,2.683,2.311
09/05/2012,2.592,2.230
09/04/2012,2.574,2.212
09/03/2012,2.572,2.196
08/31/2012,2.573,2.199
08/30/2012,2.626,2.242
08/29/2012,2.657,2.281
08/28/2012,2.635,2.267
08/27/2012,2.646,2.283
08/24/2012,2.679,2.314
08/23/2012,2.671,2.307
08/22/2012,2.715,2.361
08/21/2012,2.795,2.441
08/20/2012,2.810,2.456
08/17/2012,2.816,2.465
08/16/2012,2.839,2.480
08/15/2012,2.796,2.445
08/14/2012,2.713,2.362
08/13/2012,2.628,2.280
08/10/2012,2.624,2.278
08/09/2012,2.654,2.311
08/08/2012,2.647,2.305
08/07/2012,2.624,2.288
08/06/2012,2.552,2.214
08/03/2012,2.566,2.233
08/02/2012,2.456,2.116
08/01/2012,2.521,2.188
07/31/2012,2.489,2.141
07/30/2012,2.491,2.143
07/27/2012,2.556,2.200
07/26/2012,2.403,2.052
07/25/2012,2.383,2.034
07/24/2012,2.384,2.030
07/23/2012,2.428,2.073
07/20/2012,2.460,2.095
07/19/2012,2.523,2.164
07/18/2012,2.490,2.120
07/17/2012,2.503,2.139
07/16/2012,2.458,2.090
07/13/2012,2.493,2.122
07/12/2012,2.472,2.095
07/11/2012,2.498,2.122
07/10/2012,2.506,2.134
07/09/2012,2.531,2.156
07/06/2012,2.575,2.199
07/05/2012,2.628,2.254
07/04/2012,2.649,2.275
07/03/2012,2.650,2.276
07/02/2012,2.594,2.209
06/29/2012,2.678,2.309
06/28/2012,2.577,2.190
06/27/2012,2.601,2.236
06/26/2012,2.605,2.244
06/25/2012,2.589,2.223
06/22/2012,2.662,2.291
06/21/2012,2.599,2.222
06/20/2012,2.630,2.262
06/19/2012,2.641,2.240
06/18/2012,2.591,2.194
06/15/2012,2.608,2.197
06/14/2012,2.617,2.222
06/13/2012,2.619,2.218
06/12/2012,2.676,2.277
06/11/2012,2.630,2.211
06/08/2012,2.671,2.252
06/07/2012,2.666,2.262
06/06/2012,2.625,2.242
06/05/2012,2.529,2.128
06/04/2012,2.476,2.084
06/01/2012,2.450,2.045
05/31/2012,2.581,2.177
05/30/2012,2.622,2.219
05/29/2012,2.744,2.331
05/28/2012,2.744,2.333
05/25/2012,2.746,2.335
05/24/2012,2.748,2.344
05/23/2012,2.701,2.295
05/22/2012,2.796,2.388
05/21/2012,2.701,2.318
05/18/2012,2.695,2.295
05/17/2012,2.712,2.286
05/16/2012,2.808,2.385
05/15/2012,2.833,2.411
05/14/2012,2.848,2.433
05/11/2012,2.911,2.495
05/10/2012,2.954,2.540
05/09/2012,2.944,2.535
05/08/2012,2.932,2.535
05/07/2012,2.973,2.579
05/04/2012,2.980,2.582
05/03/2012,3.019,2.634
05/02/2012,3.021,2.633
05/01/2012,3.066,2.680
04/30/2012,3.018,2.630
04/27/2012,3.023,2.639
04/26/2012,3.044,2.662
04/25/2012,3.054,2.684
04/24/2012,3.022,2.659
04/23/2012,2.994,2.632
04/20/2012,3.038,2.679
04/19/2012,3.021,2.661
04/18/2012,3.037,2.689
04/17/2012,3.063,2.722
04/16/2012,3.023,2.682
04/13/2012,3.055,2.711
04/12/2012,3.116,2.770
04/11/2012,3.095,2.751
04/10/2012,3.048,2.707
04/09/2012,3.089,2.758
04/06/2012,3.122,2.780
04/05/2012,3.229,2.897
04/04/2012,3.284,2.965
04/03/2012,3.318,2.993
04/02/2012,3.253,2.921
03/30/2012,3.262,2.934
03/29/2012,3.191,2.858
03/28/2012,3.222,2.891
03/27/2012,3.219,2.893
03/26/2012,3.244,2.931
03/23/2012,3.227,2.920
03/22/2012,3.278,2.967
03/21/2012,3.289,2.987
03/20/2012,3.365,3.059
03/19/2012,3.383,3.075
03/16/2012,3.321,3.003
03/15/2012,3.322,3.000
03/14/2012,3.314,2.990
03/13/2012,3.161,2.824
03/12/2012,3.086,2.742
03/09/2012,3.104,2.755
03/08/2012,3.088,2.730
03/07/2012,3.037,2.675
03/06/2012,3.001,2.645
03/05/2012,3.061,2.711
03/02/2012,3.037,2.692
03/01/2012,3.075,2.736
02/29/2012,3.005,2.659
02/28/2012,2.985,2.617
02/27/2012,2.966,2.605
02/24/2012,3.021,2.665
02/23/2012,3.048,2.685
02/22/2012,3.071,2.710
02/21/2012,3.111,2.757
02/20/2012,3.081,2.718
02/17/2012,3.083,2.721
02/16/2012,3.068,2.706
02/15/2012,3.012,2.643
02/14/2012,2.985,2.624
02/13/2012,3.061,2.695
02/10/2012,3.043,2.672
02/09/2012,3.113,2.749
02/08/2012,3.062,2.703
02/07/2012,3.060,2.697
02/06/2012,3.012,2.637
02/03/2012,3.074,2.690
02/02/2012,2.941,2.554
02/01/2012,2.945,2.568
01/31/2012,2.866,2.500
01/30/2012,2.913,2.551
01/27/2012,2.992,2.622
01/26/2012,3.020,2.656
01/25/2012,3.081,2.720
01/24/2012,3.091,2.758
01/23/2012,3.078,2.754
01/20/2012,3.033,2.709
01/19/2012,2.976,2.649
01/18/2012,2.896,2.563
01/17/2012,2.835,2.502
01/13/2012,2.848,2.510
01/12/2012,2.920,2.594
01/11/2012,2.901,2.568
01/10/2012,2.966,2.637
01/09/2012,2.968,2.633
01/06/2012,2.955,2.625
01/05/2012,2.994,2.665
01/04/2012,2.983,2.657
01/03/2012,2.935,2.615
01/02/2012,2.834,2.505
12/30/2011,2.836,2.508
12/29/2011,2.854,2.522
12/28/2011,2.843,2.517
12/27/2011,2.975,2.646
12/26/2011,3.008,2.672
12/23/2011,3.008,2.672
12/22/2011,2.919,2.580
12/21/2011,2.938,2.591
12/20/2011,2.868,2.540
12/19/2011,2.750,2.425
12/16/2011,2.797,2.467
12/15/2011,2.866,2.536
12/14/2011,2.846,2.518
12/13/2011,2.936,2.608
12/12/2011,2.983,2.667
12/09/2011,3.039,2.731
12/08/2011,2.934,2.636
12/07/2011,2.980,2.681
12/06/2011,3.045,2.748
12/05/2011,2.983,2.697
12/02/2011,2.972,2.681
12/01/2011,3.070,2.771
11/30/2011,3.001,2.708
11/29/2011,2.891,2.594
11/28/2011,2.852,2.549
11/25/2011,2.860,2.558
11/24/2011,2.762,2.455
11/23/2011,2.762,2.456
11/22/2011,2.844,2.540
11/21/2011,2.875,2.569
11/18/2011,2.932,2.625
11/17/2011,2.911,2.586
11/16/2011,2.986,2.667
11/15/2011,3.028,2.709
11/14/2011,3.018,2.685
11/11/2011,3.059,2.713
11/10/2011,3.061,2.716
11/09/2011,2.974,2.620
11/08/2011,3.080,2.749
11/07/2011,2.994,2.667
11/04/2011,3.054,2.731
11/03/2011,3.071,2.748
11/02/2011,2.997,2.680
11/01/2011,2.965,2.660
10/31/2011,3.159,2.855
10/28/2011,3.304,2.994
10/27/2011,3.398,3.086
10/26/2011,3.178,2.858
10/25/2011,3.100,2.775
10/24/2011,3.233,2.906
10/21/2011,3.214,2.877
10/20/2011,3.164,2.842
10/19/2011,3.129,2.810
10/18/2011,3.111,2.801
10/17/2011,3.096,2.791
10/14/2011,3.171,2.876
10/13/2011,3.101,2.798
10/12/2011,3.177,2.862
10/11/2011,3.078,2.772
10/10/2011,2.989,2.676
10/07/2011,2.991,2.679
10/06/2011,2.925,2.607
10/05/2011,2.863,2.536
10/04/2011,2.743,2.428
10/03/2011,2.738,2.432
09/30/2011,2.895,2.603
09/29/2011,2.974,2.628
09/28/2011,3.060,2.703
09/27/2011,3.084,2.712
09/26/2011,2.974,2.579
09/23/2011,2.837,2.458
09/22/2011,2.745,2.373
09/21/2011,2.976,2.552
09/20/2011,3.153,2.673
09/19/2011,3.137,2.652
09/16/2011,3.276,2.795
09/15/2011,3.285,2.812
09/14/2011,3.233,2.736
09/13/2011,3.250,2.748
09/12/2011,3.171,2.674
09/09/2011,3.182,2.680
09/08/2011,3.241,2.752
09/07/2011,3.280,2.787
09/06/2011,3.192,2.701
09/05/2011,3.239,2.726
09/02/2011,3.242,2.729
09/01/2011,3.428,2.923
08/31/2011,3.507,3.014
08/30/2011,3.424,2.926
08/29/2011,3.533,3.040
08/26/2011,3.447,2.954
08/25/2011,3.498,2.989
08/24/2011,3.522,3.034
08/23/2011,3.387,2.885
08/22/2011,3.312,2.809
08/19/2011,3.299,2.807
08/18/2011,3.348,2.845
08/17/2011,3.472,2.960
08/16/2011,3.540,3.018
08/15/2011,3.637,3.078
08/12/2011,3.590,3.025
08/11/2011,3.692,3.130
08/10/2011,3.463,2.927
08/09/2011,3.504,2.997
08/08/2011,3.594,3.118
08/05/2011,3.749,3.332
08/04/2011,3.645,3.240
08/03/2011,3.795,3.389
08/02/2011,3.841,3.424
08/01/2011,3.989,3.550
07/29/2011,4.047,3.604
07/28/2011,4.171,3.751
07/27/2011,4.194,3.776
07/26/2011,4.189,3.763
07/25/2011,4.237,3.820
07/22/2011,4.176,3.759
07/21/2011,4.226,3.813
07/20/2011,4.179,3.756
07/19/2011,4.116,3.700
07/18/2011,4.208,3.771
07/15/2011,4.171,3.740
07/14/2011,4.160,3.755
07/13/2011,4.098,3.687
07/12/2011,4.112,3.705
07/11/2011,4.124,3.723
07/08/2011,4.192,3.810
07/07/2011,4.287,3.926
07/06/2011,4.271,3.898
07/05/2011,4.308,3.932
07/04/2011,4.315,3.962
07/01/2011,4.318,3.966
06/30/2011,4.297,3.940
06/29/2011,4.287,3.900
06/28/2011,4.248,3.852
06/27/2011,4.196,3.762
06/24/2011,4.091,3.682
06/23/2011,4.071,3.689
06/22/2011,4.128,3.761
06/21/2011,4.127,3.757
06/20/2011,4.109,3.728
06/17/2011,4.110,3.721
06/16/2011,4.074,3.684
06/15/2011,4.119,3.747
06/14/2011,4.219,3.862
06/13/2011,4.124,3.751
06/10/2011,4.103,3.724
06/09/2011,4.141,3.759
06/08/2011,4.129,3.726
06/07/2011,4.187,3.780
06/06/2011,4.184,3.768
06/03/2011,4.149,3.750
06/02/2011,4.168,3.774
06/01/2011,4.072,3.691
05/31/2011,4.139,3.771
05/30/2011,4.156,3.787
05/27/2011,4.159,3.791
05/26/2011,4.145,3.776
05/25/2011,4.204,3.843
05/24/2011,4.181,3.824
05/23/2011,4.193,3.833
05/20/2011,4.218,3.853
05/19/2011,4.227,3.864
05/18/2011,4.211,3.853
05/17/2011,4.154,3.798
05/16/2011,4.201,3.835
05/13/2011,4.246,3.870
05/12/2011,4.280,3.914
05/11/2011,4.231,3.868
05/10/2011,4.270,3.911
05/09/2011,4.238,3.868
05/06/2011,4.233,3.873
05/05/2011,4.216,3.873
05/04/2011,4.264,3.925
05/03/2011,4.292,3.959
05/02/2011,4.329,3.992
04/29/2011,4.344,4.009
04/28/2011,4.362,4.027
04/27/2011,4.399,4.077
04/26/2011,4.335,4.020
04/25/2011,4.397,4.066
04/22/2011,4.410,4.100
04/21/2011,4.407,4.097
04/20/2011,4.389,4.095
04/19/2011,4.359,4.059
04/18/2011,4.387,4.084
04/15/2011,4.402,4.109
04/14/2011,4.472,4.187
04/13/2011,4.483,4.177
04/12/2011,4.509,4.215
04/11/2011,4.567,4.278
04/08/2011,4.563,4.271
04/07/2011,4.556,4.262
04/06/2011,4.517,4.235
04/05/2011,4.443,4.163
04/04/2011,4.417,4.123
04/01/2011,4.417,4.120
03/31/2011,4.436,4.134
03/30/2011,4.454,4.131
03/29/2011,4.479,4.165
03/28/2011,4.426,4.114
03/25/2011,4.439,4.126
03/24/2011,4.402,4.086
03/23/2011,4.377,4.043
03/22/2011,4.372,4.029
03/21/2011,4.373,4.025
03/18/2011,4.359,4.007
03/17/2011,4.351,3.991
03/16/2011,4.316,3.948
03/15/2011,4.395,4.034
03/14/2011,4.445,4.075
03/11/2011,4.471,4.110
03/10/2011,4.463,4.099
03/09/2011,4.529,4.169
03/08/2011,4.584,4.233
03/07/2011,4.535,4.181
03/04/2011,4.525,4.175
03/03/2011,4.565,4.235
03/02/2011,4.481,4.152
03/01/2011,4.414,4.081
02/28/2011,4.414,4.084
02/25/2011,4.441,4.096
02/24/2011,4.459,4.103
02/23/2011,4.523,4.159
02/22/2011,4.530,4.157
02/21/2011,4.622,4.270
02/18/2011,4.625,4.274
02/17/2011,4.588,4.254
02/16/2011,4.601,4.291
02/15/2011,4.594,4.288
02/14/2011,4.596,4.287
02/11/2011,4.639,4.323
02/10/2011,4.689,4.392
02/09/2011,4.612,4.329
02/08/2011,4.685,4.409
02/07/2011,4.633,4.347
02/04/2011,4.656,4.364
02/03/2011,4.578,4.266
02/02/2011,4.553,4.231
02/01/2011,4.526,4.199
01/31/2011,4.485,4.153
01/28/2011,4.437,4.084
01/27/2011,4.476,4.137
01/26/2011,4.515,4.184
01/25/2011,4.390,4.060
01/24/2011,4.477,4.162
01/21/2011,4.495,4.178
01/20/2011,4.542,4.220
01/19/2011,4.446,4.102
01/18/2011,4.482,4.147
01/17/2011,4.447,4.105
01/14/2011,4.447,4.105
01/13/2011,4.412,4.062
01/12/2011,4.439,4.112
01/11/2011,4.404,4.096
01/10/2011,4.408,4.078
01/07/2011,4.414,4.096
01/06/2011,4.460,4.155
01/05/2011,4.476,4.202
01/04/2011,4.363,4.061
01/03/2011,4.319,4.046
12/31/2010,4.273,4.002
12/30/2010,4.356,4.081
12/29/2010,4.329,4.057
12/28/2010,4.465,4.204
12/27/2010,4.345,4.058
12/24/2010,4.399,4.120
12/23/2010,4.396,4.116
12/22/2010,4.369,4.088
12/21/2010,4.345,4.057
12/20/2010,4.374,4.089
12/17/2010,4.333,4.042
12/16/2010,4.503,4.173
12/15/2010,4.525,4.210
12/14/2010,4.474,4.168
12/13/2010,4.319,3.998
12/10/2010,4.345,4.024
12/09/2010,4.312,3.975
12/08/2010,4.354,4.004
12/07/2010,4.328,3.942
12/06/2010,4.153,3.747
12/03/2010,4.219,3.827
12/02/2010,4.173,3.793
12/01/2010,4.148,3.768
11/30/2010,4.005,3.608
11/29/2010,4.057,3.637
11/26/2010,4.113,3.681
11/24/2010,4.197,3.751
11/23/2010,4.061,3.607
11/22/2010,4.103,3.645
11/19/2010,4.148,3.700
11/18/2010,4.184,3.749
11/17/2010,4.177,3.706
11/16/2010,4.155,3.660
11/15/2010,4.267,3.762
11/12/2010,4.158,3.642
11/10/2010,4.130,3.562
11/09/2010,4.137,3.576
11/08/2010,4.026,3.466
11/05/2010,4.012,3.448
11/04/2010,3.937,3.382
11/03/2010,3.977,3.479
11/02/2010,3.857,3.373
11/01/2010,3.940,3.446
10/29/2010,3.927,3.419
10/28/2010,3.982,3.469
10/27/2010,3.970,3.488
10/26/2010,3.924,3.432
10/25/2010,3.839,3.339
10/22/2010,3.866,3.367
10/21/2010,3.871,3.360
10/20/2010,3.820,3.304
10/19/2010,3.832,3.318
10/18/2010,3.852,3.335
10/15/2010,3.920,3.410
10/14/2010,3.825,3.311
10/13/2010,3.760,3.246
10/12/2010,3.726,3.225
10/08/2010,3.682,3.184
10/07/2010,3.650,3.170
10/06/2010,3.599,3.144
10/05/2010,3.666,3.216
10/04/2010,3.646,3.202
10/01/2010,3.658,3.236
09/30/2010,3.623,3.208
09/29/2010,3.629,3.212
09/28/2010,3.587,3.175
09/27/2010,3.638,3.236
09/24/2010,3.728,3.342
09/23/2010,3.668,3.270
09/22/2010,3.677,3.271
09/21/2010,3.719,3.318
09/20/2010,3.798,3.413
09/17/2010,3.833,3.447
09/16/2010,3.845,3.456
09/15/2010,3.798,3.404
09/14/2010,3.715,3.339
09/13/2010,3.778,3.399
09/10/2010,3.802,3.433
09/09/2010,3.767,3.399
09/08/2010,3.652,3.287
09/07/2010,3.602,3.239
09/03/2010,3.713,3.338
09/02/2010,3.655,3.262
09/01/2010,3.590,3.219
08/31/2010,3.462,3.097
08/30/2010,3.532,3.159
08/27/2010,3.631,3.275
08/26/2010,3.458,3.120
08/25/2010,3.502,3.175
08/24/2010,3.490,3.138
08/23/2010,3.584,3.247
08/20/2010,3.578,3.254
08/19/2010,3.580,3.231
08/18/2010,3.656,3.297
08/17/2010,3.693,3.324
08/16/2010,3.653,3.260
08/13/2010,3.800,3.384
08/12/2010,3.853,3.433
08/11/2010,3.849,3.425
08/10/2010,3.961,3.530
08/09/2010,3.939,3.563
08/06/2010,3.935,3.552
08/05/2010,3.992,3.630
08/04/2010,3.998,3.661
08/03/2010,3.974,3.629
08/02/2010,3.996,3.682
07/30/2010,3.905,3.606
07/29/2010,4.015,3.729
07/28/2010,4.011,3.732
07/27/2010,4.026,3.766
07/26/2010,3.964,3.705
07/23/2010,3.962,3.706
07/22/2010,3.893,3.638
07/21/2010,3.834,3.588
07/20/2010,3.893,3.650
07/19/2010,3.921,3.673
07/16/2010,3.889,3.636
07/15/2010,3.910,3.663
07/14/2010,3.971,3.736
07/13/2010,4.042,3.815
07/12/2010,3.981,3.750
07/09/2010,3.981,3.756
07/08/2010,3.942,3.714
07/07/2010,3.895,3.675
07/06/2010,3.832,3.627
07/02/2010,3.889,3.687
07/01/2010,3.815,3.626
06/30/2010,3.859,3.659
06/29/2010,3.893,3.686
06/28/2010,3.950,3.742
06/25/2010,4.004,3.806
06/24/2010,4.022,3.823
06/23/2010,3.991,3.799
06/22/2010,4.032,3.843
06/21/2010,4.093,3.922
06/18/2010,4.073,3.898
06/17/2010,4.047,3.860
06/16/2010,4.130,3.952
06/15/2010,4.158,3.979
06/14/2010,4.129,3.938
06/11/2010,4.069,3.872
06/10/2010,4.168,3.989
06/09/2010,4.054,3.861
06/08/2010,4.027,3.840
06/07/2010,4.060,3.862
06/04/2010,4.049,3.849
06/03/2010,4.226,4.033
06/02/2010,4.177,3.999
06/01/2010,4.149,3.963
05/28/2010,4.158,3.975
05/27/2010,4.181,3.986
05/26/2010,4.049,3.871
05/25/2010,3.986,3.812
05/24/2010,4.051,3.875
05/21/2010,4.003,3.835
05/20/2010,4.062,3.894
05/19/2010,4.158,3.991
05/18/2010,4.171,4.000
05/17/2010,4.261,4.095
05/14/2010,4.238,4.043
05/13/2010,4.383,4.156
05/12/2010,4.394,4.170
05/11/2010,4.346,4.134
05/10/2010,4.336,4.124
05/07/2010,4.217,4.036
05/06/2010,4.102,3.916
05/05/2010,4.324,4.149
05/04/2010,4.365,4.183
05/03/2010,4.469,4.282
04/30/2010,4.453,4.258
04/29/2010,4.518,4.321
04/28/2010,4.564,4.374
04/27/2010,4.489,4.302
04/26/2010,4.602,4.422
04/23/2010,4.593,4.420
04/22/2010,4.561,4.386
04/21/2010,4.536,4.360
04/20/2010,4.600,4.428
04/19/2010,4.625,4.450
04/16/2010,4.597,4.416
04/15/2010,4.651,4.481
04/14/2010,4.648,4.484
04/13/2010,4.593,4.429
04/12/2010,4.624,4.458
04/09/2010,4.668,4.504
04/08/2010,4.683,4.523
04/07/2010,4.669,4.499
04/06/2010,4.770,4.602
04/05/2010,4.767,4.603
04/02/2010,4.728,4.558
04/01/2010,4.645,4.469
03/31/2010,4.638,4.452
03/30/2010,4.682,4.491
03/29/2010,4.686,4.500
03/26/2010,4.678,4.506
03/25/2010,4.704,4.532
03/24/2010,4.643,4.466
03/23/2010,4.520,4.317
03/22/2010,4.492,4.297
03/19/2010,4.502,4.297
03/18/2010,4.510,4.310
03/17/2010,4.497,4.296
03/16/2010,4.518,4.315
03/15/2010,4.563,4.373
03/12/2010,4.558,4.367
03/11/2010,4.587,4.396
03/10/2010,4.617,4.420
03/09/2010,4.607,4.409
03/08/2010,4.602,4.411
03/05/2010,4.561,4.383
03/04/2010,4.483,4.294
03/03/2010,4.511,4.334
03/02/2010,4.493,4.330
03/01/2010,4.481,4.317
02/26/2010,4.449,4.296
02/25/2010,4.506,4.355
02/24/2010,4.560,4.408
02/23/2010,4.557,4.395
02/22/2010,4.660,4.512
02/19/2010,4.631,4.479
02/18/2010,4.687,4.527
02/17/2010,4.646,4.475
02/16/2010,4.566,4.392
02/15/2010,4.590,4.412
02/12/2010,4.590,4.412
02/11/2010,4.616,4.433
02/10/2010,4.568,4.403
02/09/2010,4.497,4.341
02/08/2010,4.450,4.290
02/05/2010,4.421,4.245
02/04/2010,4.475,4.299
02/03/2010,4.563,4.406
02/02/2010,4.483,4.326
02/01/2010,4.500,4.340
01/29/2010,4.446,4.291
01/28/2010,4.505,4.337
01/27/2010,4.495,4.322
01/26/2010,4.509,4.323
01/25/2010,4.496,4.321
01/22/2010,4.456,4.280
01/21/2010,4.455,4.291
01/20/2010,4.491,4.341
01/19/2010,4.549,4.404
01/18/2010,4.527,4.384
01/15/2010,4.527,4.384
01/14/2010,4.574,4.427
01/13/2010,4.654,4.494
01/12/2010,4.573,4.420
01/11/2010,4.679,4.552
01/08/2010,4.652,4.529
01/07/2010,4.649,4.539
01/06/2010,4.632,4.537
01/05/2010,4.551,4.476
01/04/2010,4.613,4.546
12/31/2009,4.593,4.519
12/30/2009,4.553,4.475
12/29/2009,4.602,4.516
12/28/2009,4.656,4.546
12/24/2009,4.640,4.528
12/23/2009,4.560,4.465
12/22/2009,4.558,4.453
12/21/2009,4.526,4.391
12/18/2009,4.416,4.285
12/17/2009,4.372,4.226
12/16/2009,4.493,4.344
12/15/2009,4.499,4.338
12/14/2009,4.447,4.306
12/11/2009,4.464,4.323
12/10/2009,4.460,4.277
12/09/2009,4.380,4.206
12/08/2009,4.354,4.186
12/07/2009,4.378,4.219
12/04/2009,4.396,4.240
12/03/2009,4.309,4.134
12/02/2009,4.253,4.052
12/01/2009,4.256,4.023
11/30/2009,4.182,3.939
11/27/2009,4.187,3.954
11/26/2009,4.217,4.025
11/25/2009,4.217,4.025
11/24/2009,4.240,4.072
11/23/2009,4.267,4.119
11/20/2009,4.275,4.124
11/19/2009,4.269,4.125
11/18/2009,4.283,4.152
11/17/2009,4.233,4.106
11/16/2009,4.240,4.118
11/13/2009,4.333,4.236
11/12/2009,4.369,4.277
11/11/2009,4.398,4.317
11/10/2009,4.398,4.317
11/09/2009,4.386,4.304
11/06/2009,4.380,4.309
11/05/2009,4.392,4.308
11/04/2009,4.427,4.329
11/03/2009,4.308,4.228
11/02/2009,4.233,4.148
10/30/2009,4.224,4.150
10/29/2009,4.341,4.266
10/28/2009,4.240,4.174
10/27/2009,4.288,4.230
10/26/2009,4.375,4.318
10/23/2009,4.295,4.234
10/22/2009,4.258,4.187
10/21/2009,4.235,4.168
10/20/2009,4.171,4.101
10/19/2009,4.230,4.161
10/16/2009,4.259,4.182
10/15/2009,4.327,4.248
10/14/2009,4.285,4.195
10/13/2009,4.164,4.071
10/12/2009,4.238,4.149
10/09/2009,4.238,4.149
10/08/2009,4.102,4.006
10/07/2009,4.001,3.911
10/06/2009,4.064,3.976
10/05/2009,4.028,3.950
10/02/2009,4.014,3.954
10/01/2009,3.966,3.920
09/30/2009,4.051,4.013
09/29/2009,4.026,3.994
09/28/2009,4.043,4.009
09/25/2009,4.084,4.055
09/24/2009,4.169,4.121
09/23/2009,4.191,4.145
09/22/2009,4.207,4.189
09/21/2009,4.254,4.196
09/18/2009,4.240,4.174
09/17/2009,4.181,4.107
09/16/2009,4.267,4.203
09/15/2009,4.263,4.178
09/14/2009,4.219,4.120
09/11/2009,4.172,4.075
09/10/2009,4.169,4.080
09/09/2009,4.332,4.245
09/08/2009,4.306,4.225
09/07/2009,4.271,4.189
09/04/2009,4.271,4.189
09/03/2009,4.155,4.054
09/02/2009,4.109,4.017
09/01/2009,4.196,4.107
08/31/2009,4.181,4.125
08/28/2009,4.197,4.173
08/27/2009,4.213,4.166
08/26/2009,4.182,4.121
08/25/2009,4.209,4.153
08/24/2009,4.262,4.205
08/21/2009,4.339,4.285
08/20/2009,4.215,4.163
08/19/2009,4.247,4.194
08/18/2009,4.325,4.237
08/17/2009,4.313,4.206
08/14/2009,4.373,4.277
08/13/2009,4.391,4.322
08/12/2009,4.498,4.432
08/11/2009,4.434,4.374
08/10/2009,4.499,4.460
08/07/2009,4.562,4.549
08/06/2009,4.493,4.455
08/05/2009,4.541,4.486
08/04/2009,4.455,4.406
08/03/2009,4.408,4.358
07/31/2009,4.295,4.243
07/30/2009,4.436,4.398
07/29/2009,4.491,4.449
07/28/2009,4.544,4.498
07/27/2009,4.602,4.532
07/24/2009,4.547,4.480
07/23/2009,4.591,4.513
07/22/2009,4.459,4.382
07/21/2009,4.366,4.298
07/20/2009,4.467,4.388
07/17/2009,4.531,4.463
07/16/2009,4.446,4.383
07/15/2009,4.482,4.410
07/14/2009,4.348,4.263
07/13/2009,4.230,4.151
07/10/2009,4.197,4.100
07/09/2009,4.306,4.204
07/08/2009,4.156,4.051
07/07/2009,4.301,4.190
07/06/2009,4.339,4.235
07/03/2009,4.316,4.226
07/02/2009,4.313,4.223
07/01/2009,4.349,4.276
06/30/2009,4.319,4.267
06/29/2009,4.297,4.251
06/26/2009,4.298,4.250
06/25/2009,4.326,4.284
06/24/2009,4.417,4.407
06/23/2009,4.373,4.346
06/22/2009,4.426,4.414
06/19/2009,4.523,4.540
06/18/2009,4.610,4.591
06/17/2009,4.460,4.419
06/16/2009,4.494,4.466
06/15/2009,4.543,4.514
06/12/2009,4.639,4.583
06/11/2009,4.695,4.646
06/10/2009,4.762,4.720
06/09/2009,4.667,4.643
06/08/2009,4.670,4.664
06/05/2009,4.682,4.680
06/04/2009,4.621,4.587
06/03/2009,4.467,4.438
06/02/2009,4.529,4.503
06/01/2009,4.597,4.568
05/29/2009,4.364,4.314
05/28/2009,4.559,4.465
05/27/2009,4.642,4.502
05/26/2009,4.472,4.335
05/25/2009,4.419,4.279
05/22/2009,4.419,4.279
05/21/2009,4.331,4.198
05/20/2009,4.175,4.027
05/19/2009,4.230,4.087
05/15/2009,4.100,3.989
05/14/2009,4.084,3.969
05/13/2009,4.100,3.984
05/12/2009,4.179,4.053
05/11/2009,4.202,4.075
05/08/2009,4.300,4.181
05/07/2009,4.314,4.170
05/06/2009,4.158,4.018
05/05/2009,4.134,4.007
05/04/2009,4.148,4.013
05/01/2009,4.172,4.039
04/30/2009,4.134,4.005
04/29/2009,4.112,3.993
04/28/2009,4.044,3.915
04/27/2009,3.924,3.821
04/24/2009,3.971,3.879
04/23/2009,3.893,3.804
04/22/2009,3.934,3.851
04/21/2009,3.846,3.780
04/20/2009,3.787,3.707
04/17/2009,3.885,3.808
04/16/2009,3.810,3.685
04/15/2009,3.744,3.616
04/14/2009,3.751,3.635
04/13/2009,3.847,3.757
04/09/2009,3.846,3.755
04/08/2009,3.747,3.623
04/07/2009,3.817,3.676
04/06/2009,3.853,3.727
04/03/2009,3.823,3.657
04/02/2009,3.678,3.503
04/01/2009,3.594,3.404
03/31/2009,3.675,3.477
03/30/2009,3.711,3.528
03/27/2009,3.736,3.550
03/26/2009,3.765,3.544
03/25/2009,3.843,3.600
03/24/2009,3.737,3.512
03/23/2009,3.826,3.546
03/20/2009,3.788,3.500
03/19/2009,3.751,3.479
03/18/2009,3.731,3.485
03/17/2009,3.921,3.772
03/13/2009,3.875,3.721
03/12/2009,3.840,3.694
03/11/2009,3.863,3.751
03/10/2009,3.925,3.810
03/09/2009,3.815,3.731
03/06/2009,3.716,3.648
03/05/2009,3.712,3.666
03/04/2009,3.917,3.908
03/03/2009,3.905,3.858
03/02/2009,3.871,3.838
02/27/2009,3.952,3.925
02/26/2009,3.874,3.845
02/25/2009,3.835,3.813
02/24/2009,3.729,3.691
02/23/2009,3.760,3.702
02/20/2009,3.794,3.729
02/19/2009,3.925,3.828
02/18/2009,3.749,3.653
02/17/2009,3.692,3.606
02/16/2009,3.905,3.840
02/13/2009,3.905,3.840
02/12/2009,3.678,3.621
02/11/2009,3.658,3.656
02/10/2009,3.726,3.706
02/09/2009,3.909,3.862
02/06/2009,3.894,3.857
02/05/2009,3.849,3.777
02/04/2009,3.888,3.794
02/03/2009,3.848,3.778
02/02/2009,3.636,3.655
01/30/2009,3.835,3.817
01/29/2009,3.790,3.793
01/28/2009,3.657,3.667
01/27/2009,3.452,3.502
01/26/2009,3.605,3.675
01/23/2009,3.558,3.651
01/22/2009,3.496,3.633
01/21/2009,3.403,3.515
01/20/2009,3.174,3.274
01/19/2009,3.120,3.176
01/16/2009,3.120,3.176
01/15/2009,3.078,3.121
01/14/2009,3.091,3.121
01/13/2009,3.221,3.254
01/12/2009,3.189,3.246
01/09/2009,3.270,3.376
01/08/2009,3.278,3.371
01/07/2009,3.301,3.390
01/06/2009,3.303,3.393
01/05/2009,3.257,3.372
01/02/2009,2.997,3.223
01/01/2009,2.868,3.071
12/31/2008,2.868,3.071
12/30/2008,2.758,2.835
12/29/2008,2.799,2.862
12/26/2008,2.794,2.828
12/25/2008,2.796,2.877
12/24/2008,2.796,2.877
12/23/2008,2.802,2.848
12/22/2008,2.768,2.867
12/19/2008,2.737,2.860
12/18/2008,2.735,2.826
12/17/2008,2.879,2.974
12/16/2008,3.107,3.142
12/15/2008,3.263,3.288
12/12/2008,3.327,3.311
12/11/2008,3.340,3.335
12/10/2008,3.356,3.364
12/09/2008,3.353,3.315
12/08/2008,3.433,3.362
12/05/2008,3.381,3.342
12/04/2008,3.328,3.313
12/03/2008,3.398,3.446
12/02/2008,3.407,3.503
12/01/2008,3.437,3.533
11/28/2008,3.678,3.753
11/27/2008,3.735,3.784
11/26/2008,3.735,3.784
11/25/2008,3.797,3.868
11/24/2008,3.922,3.973
11/21/2008,3.842,3.890
11/20/2008,3.811,3.914
11/19/2008,4.112,4.183
11/18/2008,4.266,4.331
11/17/2008,4.311,4.444
11/14/2008,4.336,4.458
11/13/2008,4.461,4.568
11/12/2008,4.343,4.481
11/11/2008,4.372,4.513
11/10/2008,4.372,4.513
11/07/2008,4.442,4.615
11/06/2008,4.380,4.576
11/05/2008,4.342,4.598
11/04/2008,4.377,4.706
11/03/2008,4.481,4.857
10/31/2008,4.528,4.888
10/30/2008,4.422,4.798
10/29/2008,4.425,4.749
10/28/2008,4.335,4.642
10/27/2008,4.264,4.570
10/24/2008,4.248,4.569
10/23/2008,4.105,4.466
10/22/2008,4.207,4.584
10/21/2008,4.306,4.681
10/20/2008,4.409,4.802
10/17/2008,4.450,4.851
10/16/2008,4.410,4.746
10/15/2008,4.431,4.746
10/14/2008,4.417,4.699
10/13/2008,4.277,4.530
10/10/2008,4.277,4.530
10/09/2008,4.262,4.535
10/08/2008,4.191,4.384
10/07/2008,4.104,4.186
10/06/2008,4.022,4.083
10/03/2008,4.209,4.261
10/02/2008,4.234,4.272
10/01/2008,4.325,4.367
09/30/2008,4.382,4.453
09/29/2008,4.211,4.244
09/26/2008,4.407,4.430
09/25/2008,4.459,4.482
09/24/2008,4.431,4.427
09/23/2008,4.501,4.452
09/22/2008,4.487,4.420
09/19/2008,4.458,4.363
09/18/2008,4.196,4.077
09/17/2008,4.166,4.065
09/16/2008,4.174,4.077
09/15/2008,4.205,4.103
09/12/2008,4.377,4.311
09/11/2008,4.264,4.197
09/10/2008,4.279,4.225
09/09/2008,4.246,4.186
09/08/2008,4.317,4.261
09/05/2008,4.323,4.274
09/04/2008,4.327,4.273
09/03/2008,4.371,4.319
09/02/2008,4.403,4.343
09/01/2008,4.454,4.409
08/29/2008,4.454,4.409
08/28/2008,4.428,4.358
08/27/2008,4.428,4.356
08/26/2008,4.436,4.363
08/25/2008,4.442,4.369
08/22/2008,4.504,4.438
08/21/2008,4.506,4.434
08/20/2008,4.482,4.408
08/19/2008,4.508,4.446
08/18/2008,4.481,4.419
08/15/2008,4.511,4.452
08/14/2008,4.555,4.496
08/13/2008,4.611,4.558
08/12/2008,4.586,4.525
08/11/2008,4.647,4.597
08/08/2008,4.596,4.534
08/07/2008,4.602,4.541
08/06/2008,4.728,4.670
08/05/2008,4.667,4.615
08/04/2008,4.629,4.582
08/01/2008,4.611,4.564
07/31/2008,4.647,4.595
07/30/2008,4.684,4.645
07/29/2008,4.675,4.641
07/28/2008,4.661,4.627
07/25/2008,4.744,4.726
07/24/2008,4.658,4.625
07/23/2008,4.747,4.736
07/22/2008,4.710,4.692
07/21/2008,4.693,4.657
07/18/2008,4.709,4.680
07/17/2008,4.686,4.652
07/16/2008,4.625,4.578
07/15/2008,4.519,4.473
07/14/2008,4.510,4.477
07/11/2008,4.557,4.547
07/10/2008,4.460,4.434
07/09/2008,4.461,4.445
07/08/2008,4.482,4.471
07/07/2008,4.535,4.514
07/04/2008,4.562,4.544
07/03/2008,4.561,4.543
07/02/2008,4.538,4.516
07/01/2008,4.578,4.565
06/30/2008,4.560,4.555
06/27/2008,4.565,4.554
06/26/2008,4.630,4.605
06/25/2008,4.677,4.685
06/24/2008,4.680,4.670
06/23/2008,4.730,4.734
06/20/2008,4.721,4.720
06/19/2008,4.770,4.789
06/18/2008,4.751,4.756
06/17/2008,4.808,4.820
06/16/2008,4.804,4.823
06/13/2008,4.818,4.846
06/12/2008,4.784,4.811
06/11/2008,4.716,4.712
06/10/2008,4.715,4.727
06/09/2008,4.636,4.648
06/06/2008,4.657,4.631
06/05/2008,4.733,4.704
06/04/2008,4.685,4.617
06/03/2008,4.622,4.566
06/02/2008,4.678,4.625
05/30/2008,4.701,4.676
05/29/2008,4.764,4.721
05/28/2008,4.698,4.648
05/27/2008,4.643,4.579
05/26/2008,4.557,4.478
05/23/2008,4.557,4.477
05/22/2008,4.624,4.556
05/21/2008,4.561,4.468
05/20/2008,4.537,4.439
05/19/2008,4.577,4.492
05/16/2008,4.578,4.502
05/15/2008,4.577,4.506
05/14/2008,4.639,4.576
05/13/2008,4.623,4.549
05/12/2008,4.521,4.440
05/09/2008,4.524,4.438
05/08/2008,4.564,4.473
05/07/2008,4.626,4.556
05/06/2008,4.644,4.579
05/05/2008,4.581,4.519
05/02/2008,4.562,4.507
05/01/2008,4.483,4.434
04/30/2008,4.496,4.452
04/29/2008,4.552,4.512
04/28/2008,4.562,4.523
04/25/2008,4.584,4.558
04/24/2008,4.537,4.514
04/23/2008,4.476,4.445
04/22/2008,4.470,4.430
04/21/2008,4.471,4.436
04/18/2008,4.518,4.486
04/17/2008,4.521,4.468
04/16/2008,4.520,4.444
04/15/2008,4.402,4.330
04/14/2008,4.338,4.264
04/11/2008,4.299,4.228
04/10/2008,4.341,4.279
04/09/2008,4.309,4.246
04/08/2008,4.385,4.332
04/07/2008,4.372,4.324
04/04/2008,4.316,4.270
04/03/2008,4.392,4.385
04/02/2008,4.389,4.389
04/01/2008,4.387,4.378
03/31/2008,4.301,4.289
03/28/2008,4.339,4.311
03/27/2008,4.369,4.337
03/26/2008,4.327,4.286
03/25/2008,4.296,4.263
03/24/2008,4.311,4.279
03/21/2008,4.170,4.111
03/20/2008,4.169,4.110
03/19/2008,4.224,4.170
03/18/2008,4.337,4.240
03/17/2008,4.286,4.175
03/14/2008,4.343,4.228
03/13/2008,4.451,4.332
03/12/2008,4.412,4.279
03/11/2008,4.535,4.413
03/10/2008,4.455,4.288
03/07/2008,4.551,4.387
03/06/2008,4.582,4.429
03/05/2008,4.618,4.465
03/04/2008,4.499,4.347
03/03/2008,4.437,4.288
02/29/2008,4.431,4.278
02/28/2008,4.566,4.434
02/27/2008,4.666,4.550
02/26/2008,4.670,4.566
02/25/2008,4.679,4.581
02/22/2008,4.597,4.477
02/21/2008,4.566,4.463
02/20/2008,4.653,4.567
02/19/2008,4.663,4.556
02/18/2008,4.607,4.479
02/15/2008,4.606,4.479
02/14/2008,4.658,4.530
02/13/2008,4.526,4.397
02/12/2008,4.479,4.359
02/11/2008,4.423,4.297
02/08/2008,4.459,4.337
02/07/2008,4.525,4.409
02/06/2008,4.400,4.286
02/05/2008,4.367,4.255
02/04/2008,4.398,4.298
02/01/2008,4.341,4.249
01/31/2008,4.382,4.288
01/30/2008,4.460,4.366
01/29/2008,4.361,4.290
01/28/2008,4.313,4.241
01/25/2008,4.315,4.246
01/24/2008,4.390,4.321
01/23/2008,4.210,4.129
01/22/2008,4.257,4.179
01/21/2008,4.326,4.276
01/18/2008,4.325,4.276
01/17/2008,4.279,4.236
01/16/2008,4.345,4.302
01/15/2008,4.317,4.277
01/14/2008,4.398,4.358
01/11/2008,4.416,4.376
01/10/2008,4.470,4.439
01/09/2008,4.345,4.331
01/08/2008,4.383,4.374
01/07/2008,4.362,4.364
01/04/2008,4.384,4.387
01/03/2008,4.396,4.413
01/02/2008,4.375,4.396
01/01/2008,4.482,4.515
12/31/2007,4.482,4.514
12/28/2007,4.543,4.574
12/27/2007,4.641,4.673
12/26/2007,4.706,4.746
12/25/2007,4.643,4.674
12/24/2007,4.643,4.673
12/21/2007,4.601,4.627
12/20/2007,4.479,4.502
12/19/2007,4.520,4.548
12/18/2007,4.572,4.594
12/17/2007,4.650,4.674
12/14/2007,4.684,4.714
12/13/2007,4.634,4.659
12/12/2007,4.555,4.565
12/11/2007,4.504,4.497
12/10/2007,4.639,4.637
12/07/2007,4.610,4.601
12/06/2007,4.505,4.485
12/05/2007,4.420,4.398
12/04/2007,4.372,4.363
12/03/2007,4.379,4.363
11/30/2007,4.421,4.428
11/29/2007,4.372,4.380
11/28/2007,4.431,4.445
11/27/2007,4.377,4.389
11/26/2007,4.298,4.293
11/23/2007,4.453,4.453
11/22/2007,4.485,4.481
11/21/2007,4.485,4.480
11/20/2007,4.494,4.499
11/19/2007,4.490,4.501
11/16/2007,4.536,4.556
11/15/2007,4.550,4.569
11/14/2007,4.622,4.652
11/13/2007,4.621,4.649
11/12/2007,4.618,4.627
11/09/2007,4.617,4.627
11/08/2007,4.676,4.681
11/07/2007,4.685,4.708
11/06/2007,4.672,4.707
11/05/2007,4.633,4.668
11/02/2007,4.614,4.643
11/01/2007,4.665,4.696
10/31/2007,4.772,4.804
10/30/2007,4.694,4.716
10/29/2007,4.683,4.710
10/26/2007,4.705,4.726
10/25/2007,4.679,4.701
10/24/2007,4.666,4.688
10/23/2007,4.716,4.750
10/22/2007,4.699,4.732
10/19/2007,4.717,4.745
10/18/2007,4.808,4.841
10/17/2007,4.837,4.882
10/16/2007,4.941,4.992
10/15/2007,4.937,4.991
10/12/2007,4.935,4.993
10/11/2007,4.914,4.974
10/10/2007,4.891,4.958
10/09/2007,4.890,4.954
10/08/2007,4.899,4.952
10/05/2007,4.898,4.952
10/04/2007,4.793,4.841
10/03/2007,4.811,4.860
10/02/2007,4.801,4.844
10/01/2007,4.819,4.868
09/28/2007,4.855,4.904
09/27/2007,4.858,4.905
09/26/2007,4.917,4.957
09/25/2007,4.910,4.948
09/24/2007,4.899,4.944
09/21/2007,4.913,4.952
09/20/2007,4.963,4.996
09/19/2007,4.839,4.862
09/18/2007,4.775,4.795
09/17/2007,4.733,4.770
09/14/2007,4.741,4.772
09/13/2007,4.761,4.787
09/12/2007,4.704,4.725
09/11/2007,4.666,4.687
09/10/2007,4.662,4.671
09/07/2007,4.714,4.726
09/06/2007,4.810,4.840
09/05/2007,4.795,4.821
09/04/2007,4.856,4.892
09/03/2007,4.851,4.873
08/31/2007,4.850,4.873
08/30/2007,4.848,4.853
08/29/2007,4.903,4.906
08/28/2007,4.886,4.893
08/27/2007,4.886,4.916
08/24/2007,4.927,4.960
08/23/2007,4.953,4.973
08/22/2007,4.991,5.001
08/21/2007,5.000,5.021
08/20/2007,5.033,5.053
08/17/2007,5.033,5.055
08/16/2007,4.954,4.963
08/15/2007,5.041,5.055
08/14/2007,5.024,5.042
08/13/2007,5.049,5.072
08/10/2007,5.051,5.081
08/09/2007,5.064,5.096
08/08/2007,5.060,5.115
08/07/2007,4.942,5.002
08/06/2007,4.947,5.002
08/03/2007,4.905,4.960
08/02/2007,4.938,4.997
08/01/2007,4.946,5.009
07/31/2007,4.954,5.011
07/30/2007,4.996,5.050
07/27/2007,4.982,5.033
07/26/2007,4.977,5.019
07/25/2007,5.057,5.112
07/24/2007,5.093,5.147
07/23/2007,5.096,5.156
07/20/2007,5.094,5.152
07/19/2007,5.147,5.212
07/18/2007,5.131,5.194
07/17/2007,5.190,5.255
07/16/2007,5.155,5.217
07/13/2007,5.222,5.285
07/12/2007,5.239,5.298
07/11/2007,5.207,5.266
07/10/2007,5.158,5.219
07/09/2007,5.277,5.323
07/06/2007,5.309,5.368
07/05/2007,5.266,5.325
07/04/2007,5.175,5.235
07/03/2007,5.175,5.235
07/02/2007,5.130,5.186
06/29/2007,5.159,5.215
06/28/2007,5.255,5.304
06/27/2007,5.225,5.273
06/26/2007,5.261,5.303
06/25/2007,5.233,5.278
06/22/2007,5.293,5.341
06/21/2007,5.321,5.362
06/20/2007,5.270,5.318
06/19/2007,5.237,5.278
06/18/2007,5.290,5.331
06/15/2007,5.301,5.351
06/14/2007,5.330,5.388
06/13/2007,5.310,5.368
06/12/2007,5.389,5.431
06/11/2007,5.276,5.317
06/08/2007,5.260,5.304
06/07/2007,5.243,5.283
06/06/2007,5.125,5.155
06/05/2007,5.107,5.148
06/04/2007,5.062,5.103
06/01/2007,5.103,5.141
05/31/2007,5.055,5.084
05/30/2007,5.054,5.080
05/29/2007,5.056,5.086
05/28/2007,5.048,5.070
05/25/2007,5.048,5.070
05/24/2007,5.049,5.069
05/23/2007,5.054,5.072
05/22/2007,5.025,5.041
05/21/2007,4.981,4.997
05/18/2007,4.997,5.014
05/17/2007,4.953,4.967
05/16/2007,4.912,4.925
05/15/2007,4.923,4.931
05/14/2007,4.900,4.907
05/11/2007,4.890,4.893
05/10/2007,4.870,4.871
05/09/2007,4.880,4.887
05/08/2007,4.843,4.845
05/07/2007,4.835,4.841
05/04/2007,4.846,4.847
05/03/2007,4.880,4.884
05/02/2007,4.860,4.863
05/01/2007,4.859,4.860
04/30/2007,4.863,4.858
04/27/2007,4.932,4.933
04/26/2007,4.916,4.920
04/25/2007,4.877,4.881
04/24/2007,4.852,4.858
04/23/2007,4.876,4.880
04/20/2007,4.893,4.900
04/19/2007,4.886,4.894
04/18/2007,4.867,4.879
04/17/2007,4.897,4.912
04/16/2007,4.940,4.956
04/13/2007,4.977,4.990
04/12/2007,4.960,4.969
04/11/2007,4.963,4.974
04/10/2007,4.953,4.961
04/09/2007,4.964,4.978
04/06/2007,4.969,4.986
04/05/2007,4.915,4.918
04/04/2007,4.894,4.897
04/03/2007,4.897,4.905
04/02/2007,4.884,4.892
03/30/2007,4.899,4.902
03/29/2007,4.877,4.878
03/28/2007,4.877,4.875
03/27/2007,4.857,4.860
03/26/2007,4.831,4.832
03/23/2007,4.849,4.851
03/22/2007,4.832,4.832
03/21/2007,4.750,4.752
03/20/2007,4.761,4.771
03/19/2007,4.773,4.791
03/16/2007,4.750,4.766
03/15/2007,4.748,4.761
03/14/2007,4.751,4.757
03/13/2007,4.714,4.722
03/12/2007,4.749,4.764
03/09/2007,4.783,4.802
03/08/2007,4.709,4.723
03/07/2007,4.702,4.715
03/06/2007,4.719,4.739
03/05/2007,4.718,4.736
03/02/2007,4.713,4.733
03/01/2007,4.742,4.767
02/28/2007,4.698,4.717
02/27/2007,4.698,4.717
02/26/2007,4.801,4.823
02/23/2007,4.851,4.874
02/22/2007,4.899,4.923
02/21/2007,4.858,4.884
02/20/2007,4.849,4.871
02/19/2007,4.856,4.881
02/16/2007,4.856,4.881
02/15/2007,4.874,4.900
02/14/2007,4.897,4.923
02/13/2007,4.973,5.002
02/12/2007,4.957,4.990
02/09/2007,4.941,4.973
02/08/2007,4.885,4.916
02/07/2007,4.898,4.927
02/06/2007,4.916,4.945
02/05/2007,4.958,4.987
02/02/2007,4.974,5.006
02/01/2007,4.980,5.011
01/31/2007,4.971,5.002
01/30/2007,5.029,5.059
01/29/2007,5.039,5.068
01/26/2007,5.028,5.059
01/25/2007,5.011,5.044
01/24/2007,4.958,4.990
01/23/2007,4.946,4.980
01/22/2007,4.893,4.932
01/19/2007,4.907,4.948
01/18/2007,4.888,4.956
01/17/2007,4.927,4.993
01/16/2007,4.890,4.953
01/15/2007,4.908,4.970
01/12/2007,4.908,4.970
01/11/2007,4.869,4.937
01/10/2007,4.817,4.882
01/09/2007,4.784,4.851
01/08/2007,4.790,4.853
01/05/2007,4.789,4.851
01/04/2007,4.771,4.827
01/03/2007,4.809,4.865
01/02/2007,4.833,4.889
01/01/2007,4.857,4.907
12/29/2006,4.857,4.907
12/28/2006,4.857,4.907
12/27/2006,4.825,4.877
12/26/2006,4.733,4.775
12/25/2006,4.733,4.775
12/22/2006,4.733,4.775
12/21/2006,4.733,4.775
12/20/2006,4.770,4.816
12/19/2006,4.773,4.820
12/18/2006,4.759,4.804
12/15/2006,4.765,4.809
12/14/2006,4.762,4.807
12/13/2006,4.739,4.783
12/12/2006,4.659,4.694
12/11/2006,4.679,4.722
12/08/2006,4.711,4.759
12/07/2006,4.653,4.695
12/06/2006,4.648,4.692
12/05/2006,4.617,4.658
12/04/2006,4.602,4.648
12/01/2006,4.594,4.645
11/30/2006,4.612,4.665
11/29/2006,4.665,4.727
11/28/2006,4.649,4.708
11/27/2006,4.671,4.735
11/24/2006,4.683,4.745
11/23/2006,4.705,4.764
11/22/2006,4.705,4.765
11/21/2006,4.710,4.773
11/20/2006,4.728,4.789
11/17/2006,4.740,4.798
11/16/2006,4.785,4.849
11/15/2006,4.748,4.806
11/14/2006,4.707,4.760
11/13/2006,4.750,4.803
11/10/2006,4.737,4.788
11/09/2006,4.778,4.829
11/08/2006,4.773,4.825
11/07/2006,4.802,4.854
11/06/2006,4.841,4.898
11/03/2006,4.855,4.909
11/02/2006,4.760,4.806
11/01/2006,4.722,4.773
10/31/2006,4.765,4.816
10/30/2006,4.834,4.882
10/27/2006,4.843,4.888
10/26/2006,4.885,4.932
10/25/2006,4.941,4.990
10/24/2006,4.985,5.040
10/23/2006,4.995,5.043
10/20/2006,4.947,4.997
10/19/2006,4.955,5.003
10/18/2006,4.935,4.984
10/17/2006,4.952,4.997
10/16/2006,4.962,5.007
10/13/2006,4.981,5.027
10/12/2006,4.953,4.994
10/11/2006,4.958,5.000
10/10/2006,4.923,4.967
10/09/2006,4.883,4.921
10/06/2006,4.883,4.921
10/05/2006,4.802,4.839
10/04/2006,4.759,4.793
10/03/2006,4.791,4.830
10/02/2006,4.800,4.833
09/29/2006,4.806,4.846
09/28/2006,4.775,4.815
09/27/2006,4.775,4.815
09/26/2006,4.756,4.806
09/25/2006,4.740,4.788
09/22/2006,4.780,4.824
09/21/2006,4.823,4.872
09/20/2006,4.889,4.947
09/19/2006,4.899,4.954
09/18/2006,4.967,5.027
09/15/2006,4.958,5.014
09/14/2006,4.956,5.010
09/13/2006,4.934,4.985
09/12/2006,4.940,4.994
09/11/2006,4.979,5.031
09/08/2006,4.955,5.005
09/07/2006,4.976,5.023
09/06/2006,4.985,5.032
09/05/2006,4.971,5.016
09/04/2006,4.912,4.955
09/01/2006,4.912,4.955
08/31/2006,4.917,4.964
08/30/2006,4.947,4.995
08/29/2006,4.964,5.004
08/28/2006,4.970,5.014
08/25/2006,4.981,5.025
08/24/2006,4.981,5.025
08/23/2006,4.992,5.038
08/22/2006,4.992,5.037
08/21/2006,5.004,5.048
08/18/2006,5.017,5.059
08/17/2006,5.041,5.089
08/16/2006,5.045,5.090
08/15/2006,5.091,5.143
08/14/2006,5.163,5.217
08/11/2006,5.138,5.188
08/10/2006,5.110,5.154
08/09/2006,5.093,5.142
08/08/2006,5.069,5.122
08/07/2006,5.052,5.108
08/04/2006,5.041,5.094
08/03/2006,5.086,5.149
08/02/2006,5.101,5.161
08/01/2006,5.118,5.184
07/31/2006,5.122,5.191
07/28/2006,5.119,5.183
07/27/2006,5.166,5.240
07/26/2006,5.155,5.231
07/25/2006,5.179,5.257
07/24/2006,5.155,5.239
07/21/2006,5.153,5.236
07/20/2006,5.131,5.218
07/19/2006,5.155,5.247
07/18/2006,5.216,5.318
07/17/2006,5.156,5.255
07/14/2006,5.166,5.257
07/13/2006,5.166,5.257
07/12/2006,5.185,5.277
07/11/2006,5.193,5.283
07/10/2006,5.221,5.312
07/07/2006,5.223,5.316
07/06/2006,5.278,5.372
07/05/2006,5.322,5.420
07/04/2006,5.257,5.348
07/03/2006,5.257,5.348
06/30/2006,5.243,5.333
06/29/2006,5.313,5.405
06/28/2006,5.346,5.447
06/27/2006,5.341,5.439
06/26/2006,5.341,5.439
06/23/2006,5.322,5.426
06/22/2006,5.295,5.399
06/21/2006,5.257,5.357
06/20/2006,5.258,5.360
06/19/2006,5.249,5.353
06/16/2006,5.238,5.334
06/15/2006,5.204,5.300
06/14/2006,5.154,5.255
06/13/2006,5.081,5.174
06/12/2006,5.102,5.197
06/09/2006,5.100,5.196
06/08/2006,5.126,5.214
06/07/2006,5.166,5.248
06/06/2006,5.150,5.230
06/05/2006,5.179,5.263
06/02/2006,5.167,5.239
06/01/2006,5.277,5.354
05/31/2006,5.285,5.364
05/30/2006,5.266,5.335
05/29/2006,5.235,5.305
05/26/2006,5.249,5.319
05/25/2006,5.249,5.319
05/24/2006,5.210,5.280
05/23/2006,5.234,5.303
05/22/2006,5.210,5.281
05/19/2006,5.215,5.287
05/18/2006,5.260,5.319
05/17/2006,5.357,5.412
05/16/2006,5.303,5.357
05/15/2006,5.352,5.404
05/12/2006,5.386,5.440
05/11/2006,5.315,5.376
05/10/2006,5.276,5.337
05/09/2006,5.288,5.344
05/08/2006,5.277,5.341
05/05/2006,5.285,5.344
05/04/2006,5.323,5.385
05/03/2006,5.355,5.340
05/02/2006,5.290,5.347
05/01/2006,5.319,5.371
04/28/2006,5.261,5.311
04/27/2006,5.270,5.324
04/26/2006,5.268,5.334
04/25/2006,5.244,5.304
04/24/2006,5.155,5.217
04/21/2006,5.191,5.252
04/20/2006,5.229,5.289
04/19/2006,5.226,5.289
04/18/2006,5.161,5.232
04/17/2006,5.179,5.252
04/14/2006,5.167,5.238
04/13/2006,5.167,5.238
04/12/2006,5.155,5.224
04/11/2006,5.105,5.174
04/10/2006,5.135,5.210
04/07/2006,5.135,5.209
04/06/2006,5.060,5.139
04/05/2006,4.994,5.076
04/04/2006,5.011,5.101
04/03/2006,5.002,5.098
03/31/2006,4.997,5.084
03/30/2006,4.997,5.083
03/29/2006,4.949,5.038
03/28/2006,4.899,4.999
03/27/2006,4.833,4.921
03/24/2006,4.797,4.886
03/23/2006,4.860,4.954
03/22/2006,4.826,4.922
03/21/2006,4.837,4.939
03/20/2006,4.792,4.889
03/17/2006,4.811,4.908
03/16/2006,4.784,4.877
03/15/2006,4.847,4.953
03/14/2006,4.799,4.907
03/13/2006,4.864,4.980
03/10/2006,4.836,4.960
03/09/2006,4.814,4.936
03/08/2006,4.823,4.943
03/07/2006,4.817,4.937
03/06/2006,4.819,4.938
03/03/2006,4.754,4.879
03/02/2006,4.707,4.826
03/01/2006,4.653,4.769
02/28/2006,4.601,4.722
02/27/2006,4.646,4.775
02/24/2006,4.617,4.743
02/23/2006,4.618,4.740
02/22/2006,4.598,4.706
02/21/2006,4.641,4.740
02/20/2006,4.629,4.722
02/17/2006,4.629,4.722
02/16/2006,4.694,4.795
02/15/2006,4.694,4.804
02/14/2006,4.714,4.819
02/13/2006,4.687,4.785
02/10/2006,4.678,4.778
02/09/2006,4.640,4.744
02/08/2006,4.676,4.777
02/07/2006,4.653,4.742
02/06/2006,4.619,4.703
02/03/2006,4.635,4.705
02/02/2006,4.695,4.760
02/01/2006,4.709,4.772
01/31/2006,4.685,4.750
01/30/2006,4.708,4.770
01/27/2006,4.680,4.745
01/26/2006,4.704,4.768
01/25/2006,4.657,4.721
01/24/2006,4.571,4.622
01/23/2006,4.534,4.588
01/20/2006,4.532,4.587
01/19/2006,4.551,4.607
01/18/2006,4.520,4.577
01/17/2006,4.509,4.562
01/16/2006,4.526,4.585
01/13/2006,4.526,4.585
01/12/2006,4.594,4.658
01/11/2006,4.643,4.714
01/10/2006,4.612,4.684
01/09/2006,4.568,4.636
01/06/2006,4.568,4.632
01/05/2006,4.551,4.607
01/04/2006,4.548,4.602
01/03/2006,4.558,4.608
01/02/2006,4.550,4.626
12/30/2005,4.550,4.626
12/29/2005,4.535,4.600
12/28/2005,4.545,4.613
12/27/2005,4.558,4.621
12/26/2005,4.558,4.621
12/23/2005,4.558,4.621
12/22/2005,4.621,4.690
12/21/2005,4.678,4.751
12/20/2005,4.666,4.737
12/19/2005,4.649,4.714
12/16/2005,4.659,4.726
12/15/2005,4.687,4.754
12/14/2005,4.667,4.736
12/13/2005,4.747,4.825
12/12/2005,4.751,4.836
12/09/2005,4.748,4.826
12/08/2005,4.685,4.758
12/07/2005,4.730,4.812
12/06/2005,4.706,4.784
12/05/2005,4.776,4.863
12/02/2005,4.734,4.823
12/01/2005,4.741,4.831
11/30/2005,4.719,4.811
11/29/2005,4.706,4.798
11/28/2005,4.642,4.718
11/25/2005,4.682,4.754
11/24/2005,4.725,4.805
11/23/2005,4.725,4.805
11/22/2005,4.674,4.750
11/21/2005,4.677,4.761
11/18/2005,4.710,4.794
11/17/2005,4.664,4.742
11/16/2005,4.691,4.766
11/15/2005,4.760,4.839
11/14/2005,4.816,4.896
11/11/2005,4.766,4.835
11/10/2005,4.766,4.835
11/09/2005,4.845,4.924
11/08/2005,4.779,4.851
11/07/2005,4.849,4.930
11/04/2005,4.872,4.950
11/03/2005,4.856,4.941
11/02/2005,4.818,4.883
11/01/2005,4.784,4.849
10/31/2005,4.770,4.832
10/28/2005,4.788,4.847
10/27/2005,4.786,4.845
10/26/2005,4.813,4.876
10/25/2005,4.730,4.792
10/24/2005,4.681,4.736
10/21/2005,4.628,4.674
10/20/2005,4.702,4.748
10/19/2005,4.708,4.753
10/18/2005,4.719,4.763
10/17/2005,4.719,4.773
10/14/2005,4.718,4.771
10/13/2005,4.715,4.763
10/12/2005,4.665,4.717
10/11/2005,4.601,4.649
10/10/2005,4.575,4.620
10/07/2005,4.575,4.620
10/06/2005,4.596,4.634
10/05/2005,4.586,4.624
10/04/2005,4.608,4.646
10/03/2005,4.630,4.666
09/30/2005,4.570,4.610
09/29/2005,4.542,4.579
09/28/2005,4.505,4.540
09/27/2005,4.573,4.598
09/26/2005,4.566,4.590
09/23/2005,4.518,4.546
09/22/2005,4.471,4.485
09/21/2005,4.479,4.496
09/20/2005,4.536,4.556
09/19/2005,4.554,4.572
09/16/2005,4.570,4.582
09/15/2005,4.537,4.536
09/14/2005,4.479,4.481
09/13/2005,4.450,4.446
09/12/2005,4.472,4.473
09/09/2005,4.429,4.428
09/08/2005,4.453,4.451
09/07/2005,4.452,4.452
09/06/2005,4.386,4.383
09/05/2005,4.326,4.331
09/02/2005,4.326,4.331
09/01/2005,4.314,4.320
08/31/2005,4.283,4.299
08/30/2005,4.333,4.355
08/29/2005,4.377,4.414
08/26/2005,4.395,4.435
08/25/2005,4.382,4.411
08/24/2005,4.425,4.447
08/23/2005,4.433,4.453
08/22/2005,4.455,4.480
08/19/2005,4.448,4.476
08/18/2005,4.446,4.475
08/17/2005,4.496,4.532
08/16/2005,4.455,4.479
08/15/2005,4.492,4.523
08/12/2005,4.457,4.493
08/11/2005,4.546,4.582
08/10/2005,4.608,4.643
08/09/2005,4.603,4.637
08/08/2005,4.631,4.665
08/05/2005,4.614,4.644
08/04/2005,4.551,4.581
08/03/2005,4.536,4.561
08/02/2005,4.568,4.603
08/01/2005,4.540,4.576
07/29/2005,4.499,4.542
07/28/2005,4.429,4.455
07/27/2005,4.502,4.532
07/26/2005,4.487,4.513
07/25/2005,4.495,4.521
07/22/2005,4.473,4.497
07/21/2005,4.529,4.556
07/20/2005,4.421,4.443
07/19/2005,4.459,4.486
07/18/2005,4.498,4.513
07/15/2005,4.424,4.446
07/14/2005,4.438,4.467
07/13/2005,4.427,4.450
07/12/2005,4.412,4.433
07/11/2005,4.373,4.388
07/08/2005,4.396,4.416
07/07/2005,4.333,4.351
07/06/2005,4.363,4.380
07/05/2005,4.397,4.420
07/04/2005,4.334,4.349
07/01/2005,4.334,4.349
06/30/2005,4.253,4.257
06/29/2005,4.307,4.308
06/28/2005,4.277,4.279
06/27/2005,4.227,4.216
06/24/2005,4.253,4.237
06/23/2005,4.298,4.288
06/22/2005,4.290,4.277
06/21/2005,4.380,4.374
06/20/2005,4.432,4.431
06/17/2005,4.413,4.408
06/16/2005,4.421,4.409
06/15/2005,4.475,4.461
06/14/2005,4.483,4.474
06/13/2005,4.425,4.420
06/10/2005,4.373,4.373
06/09/2005,4.291,4.297
06/08/2005,4.247,4.275
06/07/2005,4.247,4.241
06/06/2005,4.298,4.291
06/03/2005,4.329,4.315
06/02/2005,4.274,4.237
06/01/2005,4.309,4.268
05/31/2005,4.392,4.347
05/30/2005,4.477,4.435
05/27/2005,4.477,4.436
05/26/2005,4.480,4.440
05/25/2005,4.467,4.436
05/24/2005,4.418,4.390
05/23/2005,4.432,4.413
05/20/2005,4.490,4.476
05/19/2005,4.497,4.476
05/18/2005,4.480,4.444
05/17/2005,4.521,4.494
05/16/2005,4.536,4.507
05/13/2005,4.532,4.501
05/12/2005,4.575,4.546
05/11/2005,4.591,4.562
05/10/2005,4.624,4.587
05/09/2005,4.661,4.637
05/06/2005,4.674,4.640
05/05/2005,4.631,4.565
05/04/2005,4.625,4.579
05/03/2005,4.581,4.565
05/02/2005,4.585,4.560
04/29/2005,4.585,4.564
04/28/2005,4.575,4.545
04/27/2005,4.627,4.602
04/26/2005,4.639,4.628
04/25/2005,4.623,4.616
04/22/2005,4.647,4.631
04/21/2005,4.708,4.685
04/20/2005,4.645,4.614
04/19/2005,4.620,4.598
04/18/2005,4.668,4.641
04/15/2005,4.703,4.667
04/14/2005,4.793,4.758
04/13/2005,4.765,4.752
04/12/2005,4.734,4.730
04/11/2005,4.809,4.814
04/08/2005,4.850,4.857
04/07/2005,4.857,4.859
04/06/2005,4.818,4.814
04/05/2005,4.828,4.832
04/04/2005,4.807,4.810
04/01/2005,4.804,4.805
03/31/2005,4.841,4.846
03/30/2005,4.886,4.903
03/29/2005,4.931,4.947
03/28/2005,4.955,4.984
03/25/2005,4.922,4.945
03/24/2005,4.922,4.945
03/23/2005,4.940,4.965
03/22/2005,4.972,4.987
03/21/2005,4.909,4.913
03/18/2005,4.892,4.890
03/17/2005,4.835,4.854
03/16/2005,4.867,4.887
03/15/2005,4.880,4.907
03/14/2005,4.850,4.880
03/11/2005,4.875,4.895
03/10/2005,4.820,4.827
03/09/2005,4.884,4.876
03/08/2005,4.747,4.732
03/07/2005,4.673,4.652
03/04/2005,4.708,4.682
03/03/2005,4.793,4.773
03/02/2005,4.794,4.767
03/01/2005,4.776,4.751
02/28/2005,4.761,4.735
02/25/2005,4.696,4.657
02/24/2005,4.718,4.678
02/23/2005,4.719,4.671
02/22/2005,4.737,4.687
02/21/2005,4.700,4.656
02/18/2005,4.700,4.656
02/17/2005,4.627,4.581
02/16/2005,4.576,4.537
02/15/2005,4.532,4.486
02/14/2005,4.500,4.453
02/11/2005,4.541,4.488
02/10/2005,4.522,4.470
02/09/2005,4.415,4.365
02/08/2005,4.440,4.402
02/07/2005,4.477,4.427
02/04/2005,4.532,4.478
02/03/2005,4.634,4.575
02/02/2005,4.639,4.569
02/01/2005,4.649,4.576
01/31/2005,4.647,4.572
01/28/2005,4.668,4.590
01/27/2005,4.734,4.656
01/26/2005,4.728,4.649
01/25/2005,4.735,4.649
01/24/2005,4.668,4.579
01/21/2005,4.705,4.607
01/20/2005,4.715,4.624
01/19/2005,4.732,4.640
01/18/2005,4.748,4.646
01/17/2005,4.793,4.686
01/14/2005,4.793,4.685
01/13/2005,4.777,4.666
01/12/2005,4.833,4.724
01/11/2005,4.844,4.735
01/10/2005,4.886,4.781
01/07/2005,4.913,4.799
01/06/2005,4.917,4.797
01/05/2005,4.910,4.799
01/04/2005,4.941,4.823
01/03/2005,4.885,4.752
12/31/2004,4.891,4.756
12/30/2004,4.950,4.815
12/29/2004,5.003,4.878
12/28/2004,4.980,4.847
12/27/2004,4.980,4.847
12/24/2004,4.906,4.771
12/23/2004,4.906,4.769
12/22/2004,4.890,4.751
12/21/2004,4.858,4.716
12/20/2004,4.889,4.749
12/17/2004,4.900,4.758
12/16/2004,4.885,4.736
12/15/2004,4.771,4.617
12/14/2004,4.840,4.684
12/13/2004,4.867,4.711
12/10/2004,4.882,4.722
12/09/2004,4.889,4.730
12/08/2004,4.846,4.688
12/07/2004,4.952,4.806
12/06/2004,4.969,4.820
12/03/2004,5.004,4.849
12/02/2004,5.118,4.972
12/01/2004,5.098,4.946
11/30/2004,5.078,4.922
11/29/2004,5.037,4.888
11/26/2004,4.948,4.786
11/25/2004,4.902,4.743
11/24/2004,4.902,4.744
11/23/2004,4.899,4.736
11/22/2004,4.888,4.732
11/19/2004,4.936,4.778
11/18/2004,4.873,4.701
11/17/2004,4.902,4.733
11/16/2004,4.963,4.800
11/15/2004,4.961,4.792
11/12/2004,4.974,4.805
11/11/2004,5.038,4.870
11/10/2004,5.038,4.870
11/09/2004,5.005,4.833
11/08/2004,4.998,4.837
11/05/2004,4.975,4.812
11/04/2004,4.879,4.699
11/03/2004,4.894,4.706
11/02/2004,4.905,4.717
11/01/2004,4.914,4.728
10/29/2004,4.857,4.668
10/28/2004,4.906,4.721
10/27/2004,4.910,4.722
10/26/2004,4.829,4.635
10/25/2004,4.821,4.617
10/22/2004,4.827,4.630
10/21/2004,4.836,4.641
10/20/2004,4.847,4.646
10/19/2004,4.888,4.693
10/18/2004,4.912,4.712
10/15/2004,4.915,4.715
10/14/2004,4.890,4.685
10/13/2004,4.938,4.742
10/12/2004,4.948,4.761
10/11/2004,4.967,4.783
10/08/2004,4.967,4.783
10/07/2004,5.064,4.886
10/06/2004,5.036,4.862
10/05/2004,4.995,4.818
10/04/2004,4.999,4.817
10/01/2004,5.017,4.829
09/30/2004,4.954,4.765
09/29/2004,4.925,4.731
09/28/2004,4.866,4.661
09/27/2004,4.836,4.637
09/24/2004,4.862,4.664
09/23/2004,4.858,4.667
09/22/2004,4.839,4.608
09/21/2004,4.901,4.670
09/20/2004,4.931,4.718
09/17/2004,4.985,4.787
09/16/2004,4.943,4.728
09/15/2004,5.032,4.830
09/14/2004,5.003,4.796
09/13/2004,5.014,4.814
09/10/2004,5.040,4.836
09/09/2004,5.060,4.858
09/08/2004,5.025,4.825
09/07/2004,5.083,4.898
09/06/2004,5.130,4.942
09/03/2004,5.130,4.935
09/02/2004,5.058,4.858
09/01/2004,5.006,4.797
08/31/2004,5.008,4.802
08/30/2004,5.058,4.850
08/27/2004,5.088,4.889
08/26/2004,5.091,4.893
08/25/2004,5.120,4.926
08/24/2004,5.140,4.948
08/23/2004,5.141,4.947
08/20/2004,5.098,4.899
08/19/2004,5.095,4.886
08/18/2004,5.101,4.897
08/17/2004,5.083,4.876
08/16/2004,5.122,4.921
08/13/2004,5.079,4.878
08/12/2004,5.118,4.923
08/11/2004,5.132,4.941
08/10/2004,5.139,4.950
08/09/2004,5.118,4.918
08/06/2004,5.107,4.892
08/05/2004,5.224,5.047
08/04/2004,5.245,5.071
08/03/2004,5.242,5.066
08/02/2004,5.269,5.097
07/30/2004,5.283,5.110
07/29/2004,5.374,5.208
07/28/2004,5.388,5.220
07/27/2004,5.384,5.226
07/26/2004,5.273,5.107
07/23/2004,5.246,5.071
07/22/2004,5.270,5.101
07/21/2004,5.285,5.122
07/20/2004,5.255,5.088
07/19/2004,5.190,5.010
07/16/2004,5.194,5.008
07/15/2004,5.292,5.124
07/14/2004,5.293,5.122
07/13/2004,5.297,5.123
07/12/2004,5.266,5.088
07/09/2004,5.283,5.104
07/08/2004,5.291,5.111
07/07/2004,5.291,5.113
07/06/2004,5.293,5.116
07/05/2004,5.278,5.098
07/02/2004,5.278,5.090
07/01/2004,5.365,5.193
06/30/2004,5.387,5.235
06/29/2004,5.448,5.308
06/28/2004,5.487,5.353
06/25/2004,5.411,5.264
06/24/2004,5.412,5.261
06/23/2004,5.461,5.313
06/22/2004,5.469,5.325
06/21/2004,5.450,5.309
06/18/2004,5.455,5.320
06/17/2004,5.440,5.302
06/16/2004,5.488,5.346
06/15/2004,5.448,5.307
06/14/2004,5.610,5.484
06/11/2004,5.543,5.407
06/10/2004,5.543,5.409
06/09/2004,5.564,5.432
06/08/2004,5.532,5.394
06/07/2004,5.538,5.396
06/04/2004,5.543,5.403
06/03/2004,5.493,5.345
06/02/2004,5.503,5.362
06/01/2004,5.485,5.339
05/31/2004,5.436,5.286
05/28/2004,5.436,5.288
05/27/2004,5.397,5.235
05/26/2004,5.463,5.310
05/25/2004,5.501,5.359
05/24/2004,5.522,5.377
05/21/2004,5.544,5.400
05/20/2004,5.513,5.363
05/19/2004,5.579,5.432
05/18/2004,5.534,5.376
05/17/2004,5.519,5.351
05/14/2004,5.588,5.434
05/13/2004,5.641,5.495
05/12/2004,5.593,5.449
05/11/2004,5.555,5.424
05/10/2004,5.571,5.438
05/07/2004,5.557,5.422
05/06/2004,5.459,5.296
05/05/2004,5.428,5.289
05/04/2004,5.409,5.272
05/03/2004,5.362,5.190
04/30/2004,5.367,5.181
04/29/2004,5.399,5.221
04/28/2004,5.350,5.159
04/27/2004,5.296,5.101
04/26/2004,5.315,5.123
04/23/2004,5.340,5.145
04/22/2004,5.278,5.078
04/21/2004,5.314,5.128
04/20/2004,5.322,5.125
04/19/2004,5.293,5.088
04/16/2004,5.270,5.065
04/15/2004,5.301,5.105
04/14/2004,5.266,5.079
04/13/2004,5.243,5.043
04/12/2004,5.154,4.941
04/09/2004,5.129,4.915
04/08/2004,5.129,4.915
04/07/2004,5.108,4.886
04/06/2004,5.112,4.887
04/05/2004,5.141,4.923
04/02/2004,5.068,4.845
04/01/2004,4.902,4.643
03/31/2004,4.861,4.592
03/30/2004,4.906,4.645
03/29/2004,4.894,4.633
03/26/2004,4.854,4.583
03/25/2004,4.772,4.484
03/24/2004,4.744,4.453
03/23/2004,4.747,4.450
03/22/2004,4.751,4.459
03/19/2004,4.801,4.516
03/18/2004,4.773,4.483
03/17/2004,4.724,4.429
03/16/2004,4.726,4.432
03/15/2004,4.794,4.509
03/12/2004,4.797,4.503
03/11/2004,4.774,4.487
03/10/2004,4.763,4.477
03/09/2004,4.758,4.469
03/08/2004,4.801,4.519
03/05/2004,4.836,4.562
03/04/2004,4.980,4.739
03/03/2004,5.007,4.768
03/02/2004,4.996,4.754
03/01/2004,4.954,4.703
02/27/2004,4.953,4.692
02/26/2004,5.017,4.763
02/25/2004,4.989,4.733
02/24/2004,4.995,4.741
02/23/2004,5.013,4.760
02/20/2004,5.050,4.798
02/19/2004,5.008,4.753
02/18/2004,5.010,4.756
02/17/2004,5.016,4.758
02/16/2004,5.020,4.755
02/13/2004,5.020,4.755
02/12/2004,5.035,4.783
02/11/2004,4.994,4.742
02/10/2004,5.038,4.816
02/09/2004,5.013,4.782
02/06/2004,5.026,4.797
02/05/2004,5.094,4.876
02/04/2004,5.066,4.834
02/03/2004,5.057,4.824
02/02/2004,5.089,4.864
01/30/2004,5.069,4.843
01/29/2004,5.117,4.899
01/28/2004,5.128,4.907
01/27/2004,5.048,4.808
01/26/2004,5.096,4.858
01/23/2004,5.041,4.790
01/22/2004,4.953,4.699
01/21/2004,5.013,4.759
01/20/2004,5.021,4.774
01/19/2004,4.977,4.727
01/16/2004,4.977,4.727
01/15/2004,4.961,4.703
01/14/2004,4.983,4.722
01/13/2004,5.038,4.771
01/12/2004,5.071,4.813
01/09/2004,5.068,4.811
01/08/2004,5.184,4.952
01/07/2004,5.186,4.948
01/06/2004,5.210,4.981
01/05/2004,5.287,5.077
01/02/2004,5.281,5.064
01/01/2004,5.188,4.957
12/31/2003,5.188,4.957
12/30/2003,5.197,4.974
12/29/2003,5.145,4.927
12/26/2003,5.076,4.890
12/25/2003,5.115,4.890
12/24/2003,5.115,4.890
12/23/2003,5.161,4.951
12/22/2003,5.090,4.868
12/19/2003,5.067,4.840
12/18/2003,5.065,4.843
12/17/2003,5.132,4.900
12/16/2003,5.183,4.948
12/15/2003,5.212,4.985
12/12/2003,5.198,4.959
12/11/2003,5.211,4.963
12/10/2003,5.256,5.024
12/09/2003,5.275,5.056
12/08/2003,5.223,4.994
12/05/2003,5.151,4.926
12/04/2003,5.264,5.070
12/03/2003,5.298,5.113
12/02/2003,5.261,5.078
12/01/2003,5.275,5.091
11/28/2003,5.242,5.039
11/27/2003,5.179,4.961
11/26/2003,5.179,4.961
11/25/2003,5.141,4.914
11/24/2003,5.175,4.952
11/21/2003,5.110,4.874
11/20/2003,5.127,4.890
11/19/2003,5.192,4.963
11/18/2003,5.127,4.896
11/17/2003,5.151,4.916
11/14/2003,5.177,4.946
11/13/2003,5.220,5.004
11/12/2003,5.335,5.134
11/11/2003,5.391,5.185
11/10/2003,5.391,5.185
11/07/2003,5.378,5.171
11/06/2003,5.356,5.145
11/05/2003,5.300,5.080
11/04/2003,5.253,5.034
11/03/2003,5.302,5.091
10/31/2003,5.261,5.035
10/30/2003,5.314,5.083
10/29/2003,5.279,5.033
10/28/2003,5.213,4.959
10/27/2003,5.256,5.018
10/24/2003,5.225,4.975
10/23/2003,5.314,5.074
10/22/2003,5.275,5.036
10/21/2003,5.346,5.120
10/20/2003,5.350,5.129
10/17/2003,5.373,5.148
10/16/2003,5.428,5.235
10/15/2003,5.412,5.174
10/14/2003,5.378,5.131
10/13/2003,5.292,5.033
10/10/2003,5.292,5.033
10/09/2003,5.329,5.085
10/08/2003,5.280,5.030
10/07/2003,5.264,5.026
10/06/2003,5.173,4.932
10/03/2003,5.216,4.974
10/02/2003,5.056,4.796
10/01/2003,5.003,4.731
09/30/2003,5.001,4.730
09/29/2003,5.121,4.863
09/26/2003,5.064,4.801
09/25/2003,5.114,4.874
09/24/2003,5.144,4.909
09/23/2003,5.218,4.985
09/22/2003,5.259,5.025
09/19/2003,5.180,4.940
09/18/2003,5.213,4.973
09/17/2003,5.229,4.980
09/16/2003,5.335,5.090
09/15/2003,5.292,5.038
09/12/2003,5.294,5.049
09/11/2003,5.336,5.104
09/10/2003,5.283,5.046
09/09/2003,5.363,5.140
09/08/2003,5.369,5.163
09/05/2003,5.343,5.126
09/04/2003,5.459,5.273
09/03/2003,5.493,5.338
09/02/2003,5.483,5.336
09/01/2003,5.365,5.191
08/29/2003,5.365,5.191
08/28/2003,5.360,5.174
08/27/2003,5.451,5.273
08/26/2003,5.417,5.251
08/25/2003,5.454,5.211
08/22/2003,5.400,5.211
08/21/2003,5.455,5.270
08/20/2003,5.434,5.183
08/19/2003,5.396,5.129
08/18/2003,5.498,5.286
08/15/2003,5.547,5.368
08/14/2003,5.568,5.435
08/13/2003,5.585,5.426
08/12/2003,5.414,5.181
08/11/2003,5.415,5.192
08/08/2003,5.358,5.072
08/07/2003,5.351,5.068
08/06/2003,5.377,5.139
08/05/2003,5.529,5.312
08/04/2003,5.434,5.216
08/01/2003,5.471,5.292
07/31/2003,5.513,5.279
07/30/2003,5.335,5.099
07/29/2003,5.408,5.168
07/28/2003,5.316,5.068
07/25/2003,5.219,4.965
07/24/2003,5.199,4.947
07/23/2003,5.142,4.878
07/22/2003,5.159,4.912
07/21/2003,5.185,4.952
07/18/2003,5.016,4.746
07/17/2003,5.007,4.736
07/16/2003,5.007,4.730
07/15/2003,5.013,4.720
07/14/2003,4.861,4.534
07/11/2003,4.780,4.453
07/10/2003,4.804,4.489
07/09/2003,4.812,4.504
07/08/2003,4.827,4.520
07/07/2003,4.821,4.495
07/04/2003,4.777,4.441
07/03/2003,4.777,4.441
07/02/2003,4.677,4.338
07/01/2003,4.690,4.351
06/30/2003,4.664,4.323
06/27/2003,4.701,4.370
06/26/2003,4.666,4.334
06/25/2003,4.541,4.203
06/24/2003,4.449,4.095
06/23/2003,4.499,4.148
06/20/2003,4.558,4.214
06/19/2003,4.517,4.171
06/18/2003,4.517,4.149
06/17/2003,4.433,4.054
06/16/2003,4.356,3.970
06/13/2003,4.302,3.901
06/12/2003,4.359,3.971
06/11/2003,4.384,3.999
06/10/2003,4.398,4.001
06/09/2003,4.481,4.097
06/06/2003,4.523,4.146
06/05/2003,4.536,4.146
06/04/2003,4.490,4.111
06/03/2003,4.506,4.153
06/02/2003,4.573,4.231
05/30/2003,4.503,4.155
05/29/2003,4.495,4.148
05/28/2003,4.552,4.226
05/27/2003,4.507,4.195
05/26/2003,4.396,4.080
05/23/2003,4.396,4.080
05/22/2003,4.423,4.091
05/21/2003,4.475,4.146
05/20/2003,4.495,4.145
05/19/2003,4.591,4.232
05/16/2003,4.570,4.230
05/15/2003,4.621,4.292
05/14/2003,4.645,4.297
05/13/2003,4.751,4.392
05/12/2003,4.772,4.408
05/09/2003,4.808,4.451
05/08/2003,4.802,4.453
05/07/2003,4.821,4.485
05/06/2003,4.895,4.587
05/05/2003,4.940,4.675
05/02/2003,4.964,4.675
05/01/2003,4.927,4.613
04/30/2003,4.924,4.630
04/29/2003,4.985,4.701
04/28/2003,4.963,4.673
04/25/2003,4.964,4.670
04/24/2003,4.970,4.674
04/23/2003,5.047,4.763
04/22/2003,5.050,4.765
04/21/2003,5.047,4.731
04/18/2003,5.030,4.731
04/17/2003,5.031,4.731
04/16/2003,5.045,4.752
04/15/2003,5.076,4.774
04/14/2003,5.119,4.823
04/11/2003,5.091,4.792
04/10/2003,5.072,4.765
04/09/2003,5.050,4.739
04/08/2003,5.066,4.755
04/07/2003,5.138,4.834
04/04/2003,5.101,4.791
04/03/2003,5.081,4.771
04/02/2003,5.070,4.773
04/01/2003,4.987,4.680
03/31/2003,4.986,4.680
03/28/2003,5.061,4.761
03/27/2003,5.083,4.782
03/26/2003,5.088,4.791
03/25/2003,5.096,4.802
03/24/2003,5.094,4.812
03/21/2003,5.179,4.942
03/20/2003,5.116,4.853
03/19/2003,5.068,4.779
03/18/2003,5.018,4.727
03/17/2003,4.953,4.660
03/14/2003,4.868,4.552
03/13/2003,4.885,4.577
03/12/2003,4.772,4.443
03/11/2003,4.801,4.467
03/10/2003,4.797,4.460
03/07/2003,4.815,4.491
03/06/2003,4.834,4.519
03/05/2003,4.811,4.481
03/04/2003,4.826,4.503
03/03/2003,4.833,4.524
02/28/2003,4.835,4.527
02/27/2003,4.887,4.603
02/26/2003,4.904,4.603
02/25/2003,4.949,4.650
02/24/2003,4.980,4.691
02/21/2003,5.014,4.726
02/20/2003,4.968,4.676
02/19/2003,4.987,4.708
02/18/2003,5.042,4.769
02/17/2003,5.054,4.778
02/14/2003,5.054,4.778
02/13/2003,4.984,4.706
02/12/2003,5.023,4.756
02/11/2003,5.040,4.788
02/10/2003,5.037,4.796
02/07/2003,4.979,4.733
02/06/2003,4.999,4.758
02/05/2003,5.059,4.832
02/04/2003,4.988,4.750
02/03/2003,5.032,4.798
01/31/2003,5.033,4.795
01/30/2003,5.066,4.822
01/29/2003,5.108,4.873
01/28/2003,5.066,4.821
01/27/2003,5.063,4.813
01/24/2003,5.022,4.764
01/23/2003,5.082,4.822
01/22/2003,5.046,4.792
01/21/2003,5.090,4.845
01/20/2003,5.108,4.865
01/17/2003,5.108,4.865
01/16/2003,5.153,4.915
01/15/2003,5.160,4.925
01/14/2003,5.186,4.950
01/13/2003,5.215,4.984
01/10/2003,5.242,5.008
01/09/2003,5.247,5.007
01/08/2003,5.105,4.851
01/07/2003,5.148,4.906
01/06/2003,5.169,4.932
01/03/2003,5.148,4.913
01/02/2003,5.156,4.924
01/01/2003,4.977,4.725
12/31/2002,4.976,4.725
12/30/2002,4.954,4.701
12/27/2002,4.970,4.701
12/26/2002,5.047,4.791
12/25/2002,5.049,4.791
12/24/2002,5.049,4.791
12/23/2002,5.101,4.862
12/20/2002,5.083,4.836
12/19/2002,5.091,4.849
12/18/2002,5.166,4.933
12/17/2002,5.209,4.985
12/16/2002,5.205,4.992
12/13/2002,5.136,4.918
12/12/2002,5.068,4.848
12/11/2002,5.064,4.847
12/10/2002,5.115,4.903
12/09/2002,5.137,4.926
12/06/2002,5.176,4.967
12/05/2002,5.173,4.972
12/04/2002,5.216,5.026
12/03/2002,5.258,5.075
12/02/2002,5.247,5.059
11/29/2002,5.249,5.067
11/28/2002,5.294,5.081
11/27/2002,5.294,5.081
11/26/2002,5.140,4.915
11/25/2002,5.216,5.016
11/22/2002,5.208,5.005
11/21/2002,5.190,4.983
11/20/2002,5.124,4.908
11/19/2002,5.050,4.822
11/18/2002,5.087,4.866
11/15/2002,5.118,4.904
11/14/2002,5.117,4.911
11/13/2002,4.982,4.732
11/12/2002,4.995,4.749
11/11/2002,4.984,4.736
11/08/2002,4.987,4.736
11/07/2002,5.076,4.818
11/06/2002,5.231,4.980
11/05/2002,5.260,5.020
11/04/2002,5.240,4.999
11/01/2002,5.197,4.938
10/31/2002,5.176,4.921
10/30/2002,5.203,4.924
10/29/2002,5.183,4.924
10/28/2002,5.288,5.054
10/25/2002,5.273,5.042
10/24/2002,5.299,5.067
10/23/2002,5.364,5.154
10/22/2002,5.360,5.176
10/21/2002,5.336,5.154
10/18/2002,5.271,5.040
10/17/2002,5.282,5.086
10/16/2002,5.200,5.015
10/15/2002,5.170,4.954
10/14/2002,5.015,4.758
10/11/2002,5.015,4.758
10/10/2002,4.916,4.645
10/09/2002,4.860,4.580
10/08/2002,4.910,4.642
10/07/2002,4.903,4.634
10/04/2002,4.922,4.670
10/03/2002,4.933,4.679
10/02/2002,4.922,4.673
10/01/2002,4.934,4.684
09/30/2002,4.861,4.616
09/27/2002,4.891,4.644
09/26/2002,4.936,4.709
09/25/2002,4.928,4.701
09/24/2002,4.835,4.593
09/23/2002,4.865,4.622
09/20/2002,4.928,4.702
09/19/2002,4.900,4.668
09/18/2002,4.940,4.715
09/17/2002,4.936,4.704
09/16/2002,4.942,4.716
09/13/2002,4.965,4.749
09/12/2002,5.027,4.808
09/11/2002,5.097,4.912
09/10/2002,5.047,4.857
09/09/2002,5.080,4.900
09/06/2002,5.085,4.893
09/05/2002,4.979,4.771
09/04/2002,5.004,4.804
09/03/2002,5.023,4.820
09/02/2002,5.147,4.974
08/30/2002,5.147,4.974
08/29/2002,5.173,4.979
08/28/2002,5.218,5.040
08/27/2002,5.271,5.113
08/26/2002,5.204,5.013
08/23/2002,5.222,5.013
08/22/2002,5.292,5.121
08/21/2002,5.212,5.029
08/20/2002,5.190,5.003
08/19/2002,5.272,5.102
08/16/2002,5.296,5.133
08/15/2002,5.188,5.014
08/14/2002,5.110,4.911
08/13/2002,5.196,4.987
08/12/2002,5.265,5.072
08/09/2002,5.312,5.115
08/08/2002,5.425,5.238
08/07/2002,5.392,5.195
08/06/2002,5.437,5.246
08/05/2002,5.365,5.155
08/02/2002,5.381,5.160
08/01/2002,5.482,5.252
07/31/2002,5.502,5.303
07/30/2002,5.591,5.441
07/29/2002,5.599,5.401
07/26/2002,5.505,5.284
07/25/2002,5.486,5.261
07/24/2002,5.497,5.281
07/23/2002,5.474,5.269
07/22/2002,5.478,5.278
07/19/2002,5.543,5.355
07/18/2002,5.587,5.402
07/17/2002,5.608,5.437
07/16/2002,5.639,5.479
07/15/2002,5.559,5.394
07/12/2002,5.527,5.356
07/11/2002,5.538,5.371
07/10/2002,5.558,5.400
07/09/2002,5.626,5.483
07/08/2002,5.687,5.546
07/05/2002,5.714,5.579
07/04/2002,5.629,5.478
07/03/2002,5.629,5.478
07/02/2002,5.631,5.478
07/01/2002,5.688,5.546
06/28/2002,5.698,5.541
06/27/2002,5.688,5.544
06/26/2002,5.588,5.434
06/25/2002,5.659,5.530
06/24/2002,5.652,5.525
06/21/2002,5.587,5.452
06/20/2002,5.649,5.523
06/19/2002,5.571,5.399
06/18/2002,5.651,5.542
06/17/2002,5.659,5.550
06/14/2002,5.596,5.480
06/13/2002,5.695,5.583
06/12/2002,5.721,5.616
06/11/2002,5.747,5.645
06/10/2002,5.796,5.702
06/07/2002,5.826,5.724
06/06/2002,5.785,5.676
06/05/2002,5.820,5.706
06/04/2002,5.782,5.691
06/03/2002,5.793,5.691
05/31/2002,5.792,5.691
05/30/2002,5.779,5.679
05/29/2002,5.808,5.720
05/28/2002,5.847,5.770
05/27/2002,5.844,5.760
05/24/2002,5.841,5.760
05/23/2002,5.856,5.779
05/22/2002,5.818,5.734
05/21/2002,5.859,5.783
05/20/2002,5.889,5.824
05/17/2002,5.935,5.878
05/16/2002,5.881,5.821
05/15/2002,5.921,5.870
05/14/2002,5.936,5.879
05/13/2002,5.865,5.814
05/10/2002,5.784,5.715
05/09/2002,5.819,5.773
05/08/2002,5.851,5.804
05/07/2002,5.734,5.677
05/06/2002,5.731,5.658
05/03/2002,5.722,5.658
05/02/2002,5.767,5.709
05/01/2002,5.726,5.661
04/30/2002,5.756,5.690
04/29/2002,5.782,5.723
04/26/2002,5.756,5.686
04/25/2002,5.789,5.721
04/24/2002,5.790,5.723
04/23/2002,5.850,5.795
04/22/2002,5.862,5.809
04/19/2002,5.874,5.826
04/18/2002,5.899,5.844
04/17/2002,5.914,5.831
04/16/2002,5.844,5.796
04/15/2002,5.812,5.760
04/12/2002,5.836,5.789
04/11/2002,5.859,5.821
04/10/2002,5.887,5.854
04/09/2002,5.865,5.830
04/08/2002,5.888,5.853
04/05/2002,5.853,5.820
04/04/2002,5.904,5.871
04/03/2002,5.915,5.883
04/02/2002,5.960,5.868
04/01/2002,6.034,5.947
03/29/2002,6.037,5.947
03/28/2002,6.039,5.947
03/27/2002,5.971,5.947
03/26/2002,5.972,5.951
03/25/2002,6.031,6.010
03/22/2002,6.034,6.018
03/21/2002,6.015,6.003
03/20/2002,6.047,6.043
03/19/2002,5.980,5.971
03/18/2002,5.951,5.939
03/15/2002,5.990,5.988
03/14/2002,6.053,6.059
03/13/2002,5.944,5.930
03/12/2002,5.961,5.956
03/11/2002,5.961,5.958
03/08/2002,5.956,5.950
03/07/2002,5.890,5.872
03/06/2002,5.759,5.723
03/05/2002,5.714,5.672
03/04/2002,5.730,5.685
03/01/2002,5.717,5.671
02/28/2002,5.631,5.581
02/27/2002,5.598,5.515
02/26/2002,5.660,5.620
02/25/2002,5.601,5.544
02/22/2002,5.583,5.526
02/21/2002,5.619,5.561
02/20/2002,5.638,5.585
02/19/2002,5.640,5.585
02/18/2002,5.610,5.555
02/15/2002,5.610,5.555
02/14/2002,5.674,5.683
02/13/2002,5.725,5.683
02/12/2002,5.715,5.671
02/11/2002,5.657,5.601
02/08/2002,5.632,5.572
02/07/2002,5.673,5.618
02/06/2002,5.637,5.581
02/05/2002,5.606,5.538
02/04/2002,5.597,5.537
02/01/2002,5.655,5.607
01/31/2002,5.692,5.649
01/30/2002,5.662,5.610
01/29/2002,5.660,5.610
01/28/2002,5.734,5.696
01/25/2002,5.744,5.700
01/24/2002,5.737,5.690
01/23/2002,5.738,5.688
01/22/2002,5.635,5.573
01/21/2002,5.621,5.550
01/18/2002,5.621,5.550
01/17/2002,5.671,5.611
01/16/2002,5.611,5.541
01/15/2002,5.593,5.531
01/14/2002,5.641,5.555
01/11/2002,5.624,5.564
01/10/2002,5.677,5.652
01/09/2002,5.778,5.736
01/08/2002,5.786,5.748
01/07/2002,5.779,5.743
01/04/2002,5.871,5.849
01/03/2002,5.845,5.822
01/02/2002,5.870,5.861
01/01/2002,5.764,5.731
12/31/2001,5.764,5.731
12/28/2001,5.836,5.776
12/27/2001,5.794,5.776
12/26/2001,5.836,5.809
12/25/2001,5.811,5.809
12/24/2001,5.811,5.809
12/21/2001,5.787,5.791
12/20/2001,5.753,5.729
12/19/2001,5.754,5.711
12/18/2001,5.829,5.813
12/17/2001,5.936,5.979
12/14/2001,5.891,5.881
12/13/2001,5.836,5.804
12/12/2001,5.761,5.713
12/11/2001,5.837,5.807
12/10/2001,5.868,5.848
12/07/2001,5.902,5.884
12/06/2001,5.748,5.712
12/05/2001,5.658,5.612
12/04/2001,5.475,5.394
12/03/2001,5.544,5.474
11/30/2001,5.571,5.506
11/29/2001,5.553,5.478
11/28/2001,5.648,5.617
11/27/2001,5.644,5.615
11/26/2001,5.655,5.651
11/23/2001,5.644,5.636
11/22/2001,5.610,5.586
11/21/2001,5.610,5.586
11/20/2001,5.545,5.490
11/19/2001,5.448,5.366
11/16/2001,5.538,5.482
11/15/2001,5.434,5.354
11/14/2001,5.249,5.157
11/13/2001,5.149,5.040
11/12/2001,5.101,4.982
11/09/2001,5.101,4.982
11/08/2001,5.096,4.972
11/07/2001,5.023,4.890
11/06/2001,5.106,4.992
11/05/2001,5.115,5.009
11/02/2001,5.190,5.068
11/01/2001,5.064,4.933
10/31/2001,5.108,4.978
10/30/2001,5.303,5.118
10/29/2001,5.336,5.173
10/26/2001,5.360,5.199
10/25/2001,5.370,5.210
10/24/2001,5.405,5.251
10/23/2001,5.468,5.320
10/22/2001,5.452,5.304
10/19/2001,5.461,5.311
10/18/2001,5.418,5.271
10/17/2001,5.426,5.275
10/16/2001,5.456,5.306
10/15/2001,5.482,5.329
10/12/2001,5.528,5.389
10/11/2001,5.517,5.379
10/10/2001,5.459,5.303
10/09/2001,5.486,5.331
10/08/2001,5.421,5.257
10/05/2001,5.421,5.257
10/04/2001,5.414,5.249
10/03/2001,5.425,5.231
10/02/2001,5.436,5.274
10/01/2001,5.474,5.308
09/28/2001,5.511,5.352
09/27/2001,5.532,5.354
09/26/2001,5.588,5.431
09/25/2001,5.668,5.508
09/24/2001,5.672,5.506
09/21/2001,5.682,5.503
09/20/2001,5.722,5.491
09/19/2001,5.657,5.497
09/18/2001,5.650,5.504
09/17/2001,5.512,5.380
09/14/2001,5.456,5.308
09/13/2001,5.489,5.350
09/12/2001,5.552,5.454
09/11/2001,5.552,5.454
09/10/2001,5.552,5.454
09/07/2001,5.504,5.401
09/06/2001,5.537,5.451
09/05/2001,5.607,5.533
09/04/2001,5.621,5.548
09/03/2001,5.493,5.401
08/31/2001,5.493,5.401
08/30/2001,5.498,5.383
08/29/2001,5.485,5.382
08/28/2001,5.531,5.442
08/27/2001,5.591,5.489
08/24/2001,5.570,5.489
08/23/2001,5.536,5.454
08/22/2001,5.570,5.486
08/21/2001,5.579,5.491
08/20/2001,5.590,5.505
08/17/2001,5.555,5.464
08/16/2001,5.615,5.539
08/15/2001,5.650,5.577
08/14/2001,5.642,5.562
08/13/2001,5.639,5.562
08/10/2001,5.668,5.558
08/09/2001,5.668,5.601
08/08/2001,5.651,5.567
08/07/2001,5.729,5.660
08/06/2001,5.726,5.668
08/03/2001,5.712,5.647
08/02/2001,5.704,5.635
08/01/2001,5.660,5.587
07/31/2001,5.640,5.559
07/30/2001,5.664,5.610
07/27/2001,5.684,5.610
07/26/2001,5.731,5.666
07/25/2001,5.727,5.663
07/24/2001,5.667,5.594
07/23/2001,5.683,5.613
07/20/2001,5.699,5.630
07/19/2001,5.688,5.618
07/18/2001,5.677,5.606
07/17/2001,5.749,5.689
07/16/2001,5.758,5.704
07/13/2001,5.798,5.749
07/12/2001,5.813,5.766
07/11/2001,5.861,5.818
07/10/2001,5.839,5.794
07/09/2001,5.871,5.836
07/06/2001,5.910,5.873
07/05/2001,5.930,5.912
07/04/2001,5.897,5.874
07/03/2001,5.897,5.874
07/02/2001,5.862,5.833
06/29/2001,5.908,5.900
06/28/2001,5.842,5.835
06/27/2001,5.775,5.730
06/26/2001,5.802,5.741
06/25/2001,5.744,5.668
06/22/2001,5.727,5.652
06/21/2001,5.797,5.721
06/20/2001,5.822,5.742
06/19/2001,5.844,5.768
06/18/2001,5.854,5.778
06/15/2001,5.839,5.773
06/14/2001,5.805,5.743
06/13/2001,5.828,5.779
06/12/2001,5.827,5.771
06/11/2001,5.867,5.808
06/08/2001,5.909,5.854
06/07/2001,5.892,5.826
06/06/2001,5.840,5.788
06/05/2001,5.841,5.789
06/04/2001,5.872,5.819
06/01/2001,5.891,5.840
05/31/2001,5.952,5.898
05/30/2001,6.034,5.996
05/29/2001,6.039,5.996
05/28/2001,6.034,5.984
05/25/2001,6.034,5.984
05/24/2001,6.033,5.982
05/23/2001,5.965,5.915
05/22/2001,5.948,5.898
05/21/2001,5.906,5.876
05/18/2001,5.909,5.875
05/17/2001,5.961,5.919
05/16/2001,6.017,5.955
05/15/2001,6.051,5.987
05/14/2001,6.003,5.900
05/11/2001,6.036,5.975
05/10/2001,5.892,5.809
05/09/2001,5.805,5.709
05/08/2001,5.849,5.767
05/07/2001,5.822,5.697
05/04/2001,5.784,5.697
05/03/2001,5.776,5.704
05/02/2001,5.847,5.781
05/01/2001,5.885,5.820
04/30/2001,5.930,5.862
04/27/2001,5.946,5.870
04/26/2001,5.851,5.759
04/25/2001,5.921,5.829
04/24/2001,5.893,5.786
04/23/2001,5.873,5.763
04/20/2001,5.935,5.833
04/19/2001,5.933,5.829
04/18/2001,5.818,5.714
04/17/2001,5.826,5.745
04/16/2001,5.883,5.691
04/13/2001,5.774,5.691
04/12/2001,5.791,5.691
04/11/2001,5.779,5.676
04/10/2001,5.792,5.671
04/09/2001,5.659,5.530
04/06/2001,5.619,5.492
04/05/2001,5.695,5.583
04/04/2001,5.669,5.554
04/03/2001,5.659,5.562
04/02/2001,5.668,5.581
03/30/2001,5.644,5.582
03/29/2001,5.663,5.585
03/28/2001,5.651,5.568
03/27/2001,5.633,5.576
03/26/2001,5.539,5.453
03/23/2001,5.481,5.389
03/22/2001,5.426,5.324
03/21/2001,5.467,5.370
03/20/2001,5.468,5.356
03/19/2001,5.490,5.394
03/16/2001,5.456,5.354
03/15/2001,5.483,5.385
03/14/2001,5.486,5.395
03/13/2001,5.539,5.456
03/12/2001,5.518,5.438
03/09/2001,5.527,5.447
03/08/2001,5.509,5.432
03/07/2001,5.524,5.448
03/06/2001,5.594,5.523
03/05/2001,5.576,5.505
03/02/2001,5.581,5.505
03/01/2001,5.492,5.406
02/28/2001,5.547,5.463
02/27/2001,5.553,5.463
02/26/2001,5.650,5.578
02/23/2001,5.691,5.624
02/22/2001,5.735,5.674
02/21/2001,5.722,5.661
02/20/2001,5.684,5.626
02/19/2001,5.685,5.626
02/16/2001,5.685,5.626
02/15/2001,5.726,5.676
02/14/2001,5.658,5.644
02/13/2001,5.647,5.578
02/12/2001,5.634,5.564
02/09/2001,5.586,5.507
02/08/2001,5.634,5.565
02/07/2001,5.634,5.571
02/06/2001,5.627,5.566
02/05/2001,5.635,5.579
02/02/2001,5.624,5.562
02/01/2001,5.564,5.486
01/31/2001,5.653,5.597
01/30/2001,5.705,5.735
01/29/2001,5.794,5.735
01/26/2001,5.759,5.711
01/25/2001,5.743,5.704
01/24/2001,5.785,5.744
01/23/2001,5.773,5.723
01/22/2001,5.728,5.667
01/19/2001,5.677,5.620
01/18/2001,5.592,5.534
01/17/2001,5.647,5.605
01/16/2001,5.727,5.674
01/15/2001,5.758,5.690
01/12/2001,5.758,5.690
01/11/2001,5.691,5.612
01/10/2001,5.622,5.549
01/09/2001,5.566,5.395
01/08/2001,5.547,5.324
01/05/2001,5.545,5.366
01/04/2001,5.578,5.501
01/03/2001,5.624,5.594
01/02/2001,5.492,5.419
01/01/2001,5.612,5.554
12/29/2000,5.612,5.554
12/28/2000,5.596,5.555
12/27/2000,5.599,5.548
12/26/2000,5.559,5.493
12/25/2000,5.553,5.493
12/22/2000,5.553,5.493
12/21/2000,5.553,5.493
12/20/2000,5.571,5.516
12/19/2000,5.619,5.581
12/18/2000,5.599,5.446
12/15/2000,5.583,5.548
12/14/2000,5.597,5.571
12/13/2000,5.633,5.612
12/12/2000,5.688,5.676
12/11/2000,5.699,5.688
12/08/2000,5.702,5.686
12/07/2000,5.663,5.649
12/06/2000,5.680,5.663
12/05/2000,5.748,5.745
12/04/2000,5.819,5.822
12/01/2000,5.805,5.806
11/30/2000,5.756,5.787
11/29/2000,5.826,5.862
11/28/2000,5.842,5.862
11/27/2000,5.870,5.890
11/24/2000,5.841,5.863
11/23/2000,5.814,5.835
11/22/2000,5.814,5.835
11/21/2000,5.904,5.938
11/20/2000,5.922,5.961
11/17/2000,5.941,5.974
11/16/2000,5.912,5.943
11/15/2000,5.938,5.965
11/14/2000,5.980,6.012
11/13/2000,6.004,6.048
11/10/2000,6.044,6.100
11/09/2000,6.027,6.074
11/08/2000,6.062,6.104
11/07/2000,6.082,6.121
11/06/2000,6.081,6.129
11/03/2000,6.057,6.108
11/02/2000,5.981,6.021
11/01/2000,5.974,6.010
10/31/2000,5.983,6.035
10/30/2000,5.941,5.984
10/27/2000,5.937,5.977
10/26/2000,5.928,5.971
10/25/2000,5.946,5.981
10/24/2000,5.908,5.936
10/23/2000,5.851,5.895
10/20/2000,5.924,5.950
10/19/2000,5.955,5.995
10/18/2000,5.975,6.018
10/17/2000,5.968,6.011
10/16/2000,6.029,6.086
10/13/2000,6.016,6.070
10/12/2000,6.019,6.071
10/11/2000,6.040,6.095
10/10/2000,6.041,6.094
10/09/2000,6.060,6.119
10/06/2000,6.060,6.119
10/05/2000,6.112,6.180
10/04/2000,6.150,6.225
10/03/2000,6.146,6.232
10/02/2000,6.129,6.212
09/29/2000,6.079,6.160
09/28/2000,6.090,6.178
09/27/2000,6.107,6.196
09/26/2000,6.061,6.153
09/25/2000,6.101,6.194
09/22/2000,6.115,6.156
09/21/2000,6.124,6.220
09/20/2000,6.166,6.156
09/19/2000,6.125,6.162
09/18/2000,6.150,6.179
09/15/2000,6.108,6.138
09/14/2000,6.029,6.131
09/13/2000,5.952,6.048
09/12/2000,5.977,6.093
09/11/2000,5.962,6.067
09/08/2000,5.929,6.014
09/07/2000,5.948,6.043
09/06/2000,5.931,6.047
09/05/2000,5.888,6.002
09/04/2000,5.889,6.007
09/01/2000,5.889,6.008
08/31/2000,5.897,6.005
08/30/2000,5.970,6.077
08/29/2000,5.986,6.090
08/28/2000,5.954,5.995
08/25/2000,5.901,5.995
08/24/2000,5.902,5.987
08/23/2000,5.918,6.000
08/22/2000,5.952,6.049
08/21/2000,5.955,6.056
08/18/2000,5.931,6.031
08/17/2000,5.956,6.060
08/16/2000,5.982,6.078
08/15/2000,5.962,6.064
08/14/2000,5.941,6.030
08/11/2000,5.970,5.990
08/10/2000,5.935,6.028
08/09/2000,5.966,6.059
08/08/2000,5.975,6.049
08/07/2000,6.002,6.084
08/04/2000,5.968,6.045
08/03/2000,5.995,6.075
08/02/2000,6.026,6.109
08/01/2000,6.021,6.124
07/31/2000,6.056,6.154
07/28/2000,6.050,6.153
07/27/2000,6.031,6.124
07/26/2000,6.075,6.167
07/25/2000,6.066,6.158
07/24/2000,6.078,6.166
07/21/2000,6.057,6.145
07/20/2000,6.082,6.235
07/19/2000,6.210,6.317
07/18/2000,6.204,6.308
07/17/2000,6.208,6.294
07/14/2000,6.162,6.251
07/13/2000,6.091,6.171
07/12/2000,6.165,6.247
07/11/2000,6.168,6.245
07/10/2000,6.167,6.241
07/07/2000,6.157,6.230
07/06/2000,6.199,6.273
07/05/2000,6.151,6.222
07/04/2000,6.155,6.231
07/03/2000,6.155,6.231
06/30/2000,6.180,6.266
06/29/2000,6.169,6.249
06/28/2000,6.258,6.344
06/27/2000,6.234,6.313
06/26/2000,6.262,6.338
06/23/2000,6.311,6.402
06/22/2000,6.256,6.341
06/21/2000,6.242,6.336
06/20/2000,6.181,6.277
06/19/2000,6.168,6.260
06/16/2000,6.141,6.229
06/15/2000,6.197,6.291
06/14/2000,6.178,6.272
06/13/2000,6.226,6.146
06/12/2000,6.156,6.255
06/09/2000,6.175,6.272
06/08/2000,6.169,6.272
06/07/2000,6.180,6.278
06/06/2000,6.208,6.311
06/05/2000,6.202,6.303
06/02/2000,6.234,6.219
06/01/2000,6.252,6.374
05/31/2000,6.321,6.450
05/30/2000,6.407,6.544
05/29/2000,6.362,6.429
05/26/2000,6.362,6.429
05/25/2000,6.403,6.535
05/24/2000,6.501,6.648
05/23/2000,6.479,6.621
05/22/2000,6.477,6.616
05/19/2000,6.538,6.683
05/18/2000,6.554,6.712
05/17/2000,6.473,6.620
05/16/2000,6.420,6.571
05/15/2000,6.464,6.613
05/12/2000,6.516,6.667
05/11/2000,6.448,6.591
05/10/2000,6.467,6.618
05/09/2000,6.523,6.688
05/08/2000,6.570,6.739
05/05/2000,6.503,6.789
05/04/2000,6.480,6.650
05/03/2000,6.394,6.540
05/02/2000,6.302,6.430
05/01/2000,6.238,6.350
04/28/2000,6.230,6.350
04/27/2000,6.260,6.378
04/26/2000,6.201,6.309
04/25/2000,6.190,6.257
04/24/2000,6.134,6.192
04/21/2000,6.095,6.192
04/20/2000,6.095,6.192
04/19/2000,6.102,6.203
04/18/2000,6.187,6.297
04/17/2000,6.190,6.289
04/14/2000,6.075,6.256
04/13/2000,6.071,6.273
04/12/2000,6.108,6.223
04/11/2000,6.045,6.161
04/10/2000,5.951,6.060
04/07/2000,5.961,6.062
04/06/2000,6.046,6.144
04/05/2000,6.052,6.109
04/04/2000,6.016,6.185
04/03/2000,6.092,6.224
03/31/2000,6.104,6.240
03/30/2000,6.149,6.296
03/29/2000,6.252,6.407
03/28/2000,6.250,6.399
03/27/2000,6.247,6.400
03/24/2000,6.251,6.317
03/23/2000,6.161,6.303
03/22/2000,6.200,6.354
03/21/2000,6.195,6.351
03/20/2000,6.224,6.377
03/17/2000,6.234,6.388
03/16/2000,6.274,6.438
03/15/2000,6.301,6.464
03/14/2000,6.340,6.604
03/13/2000,6.400,6.577
03/10/2000,6.412,6.589
03/09/2000,6.372,6.552
03/08/2000,6.377,6.565
03/07/2000,6.364,6.538
03/06/2000,6.362,6.537
03/03/2000,6.322,6.492
03/02/2000,6.361,6.533
03/01/2000,6.381,6.562
02/29/2000,6.365,6.535
02/28/2000,6.429,6.593
02/25/2000,6.382,6.563
02/24/2000,6.320,6.503
02/23/2000,6.349,6.476
02/22/2000,6.285,6.471
02/21/2000,6.372,6.572
02/18/2000,6.372,6.572
02/17/2000,6.445,6.657
02/16/2000,6.491,6.689
02/15/2000,6.480,6.676
02/14/2000,6.448,6.644
02/11/2000,6.521,6.730
02/10/2000,6.568,6.769
02/09/2000,6.483,6.686
02/08/2000,6.404,6.592
02/07/2000,6.513,6.614
02/04/2000,6.435,6.605
02/03/2000,6.414,6.594
02/02/2000,6.507,6.690
02/01/2000,6.571,6.719
01/31/2000,6.628,6.769
01/28/2000,6.564,6.698
01/27/2000,6.653,6.769
01/26/2000,6.717,6.809
01/25/2000,6.773,6.865
01/24/2000,6.792,6.886
01/21/2000,6.847,6.942
01/20/2000,6.872,6.947
01/19/2000,6.861,6.928
01/18/2000,6.888,6.955
01/17/2000,6.848,6.928
01/14/2000,6.848,6.928
01/13/2000,6.799,6.987
01/12/2000,6.881,6.985
01/11/2000,6.863,6.968
01/10/2000,6.774,6.874
01/07/2000,6.740,6.837
01/06/2000,6.787,6.887
01/05/2000,6.856,6.960
